100
122 184
22 18
87 103
116 49
20 8
62 12
80 78
48 102
115 95
72 29
39 10
45 98
59 38
48 98
109 59
45 62
38 118
29 51
20 92
110 20
120 26
115 89
66 1
109 112
57 61
11 82
98 6
76 69
5 68
0 27
5 86
78 110
74 3
22 47
93 74
16 101
43 85
75 6
53 12
51 39
87 57
44 76
95 103
101 48
25 35
98 33
85 115
64 42
93 94
121 81
41 100
56 41
105 8
104 76
92 51
27 57
91 7
49 81
17 17
20 18
72 81
67 121
59 66
11 62
3 42
83 62
83 89
56 108
52 23
111 5
6 39
33 74
42 8
20 16
71 109
57 91
46 96
34 95
111 17
84 15
12 79
102 104
46 21
95 44
98 27
34 58
109 67
43 36
67 31
11 60
81 32
56 96
40 77
29 58
118 83
85 4
11 53
64 112
21 43
57 66
53 82
24 119
44 75
59 30
19 42
1 99
118 34
48 40
69 78
13 13
9 37
107 81
78 50
26 81
13 34
118 6
103 78
94 47
89 117
47 8
34 113
42 121
26 55
112 82
72 59
51 53
79 10
42 113
107 69
109 97
120 89
38 114
56 113
60 43
119 32
53 77
3 70
60 109
82 106
14 69
70 71
111 59
24 52
104 45
108 62
93 69
14 96
19 60
33 121
91 95
45 119
15 43
100 97
55 57
101 108
86 101
100 12
25 5
83 83
1 38
89 7
53 106
5 44
58 47
33 88
79 93
85 31
84 87
2 7
112 38
77 68
34 33
69 55
111 18
24 36
58 60
89 20
44 12
99 87
31 69
39 107
114 76
79 9
57 120
91 22
162 60
34 77
53 27
62 126
14 46
101 29
52 145
142 96
58 15
62 157
158 7
139 111
61 124
77 151
44 16
128 56
158 67
14 7
60 39
2 109
133 27
78 112
5 121
2 61
116 50
92 157
104 70
43 48
159 50
68 104
113 82
123 88
92 82
52 116
91 42
98 61
93 26
31 117
148 41
6 34
157 43
21 59
117 147
39 34
148 72
146 75
95 26
74 71
60 0
120 50
98 160
13 136
112 123
7 110
127 8
86 92
108 93
139 6
27 19
63 144
119 152
206 38
166 42
166 152
166 93
166 160
166 205
166 79
166 12
166 100
166 80
166 111
166 176
166 90
166 47
166 126
166 61
166 130
166 137
166 62
166 175
166 87
166 39
166 202
166 158
166 68
166 143
166 13
166 191
166 187
166 16
166 129
166 77
166 99
166 162
166 37
166 201
166 181
166 57
166 36
346 192
36 109
233 35
230 114
141 35
206 113
53 38
209 108
85 29
4 97
10 118
6 119
94 111
264 119
68 27
308 72
48 33
237 143
50 93
134 115
148 36
93 32
253 133
193 33
273 137
279 75
242 36
269 127
144 83
88 118
320 79
278 141
140 83
130 99
245 39
203 62
217 95
24 74
80 27
213 155
194 132
89 36
61 38
246 151
97 30
112 118
145 30
264 31
40 70
28 36
109 39
12 107
308 96
34 119
280 115
207 35
4 37
82 67
52 103
56 104
209 76
128 94
305 138
20 116
60 92
249 103
142 109
124 73
132 31
241 28
220 39
180 36
237 58
185 73
231 31
222 162
176 28
259 50
292 96
48 72
224 90
291 36
183 29
30 79
8 81
150 92
101 34
311 58
118 108
86 116
182 43
13 33
74 69
227 32
132 78
146 85
262 149
120 103
70 86
128 32
181 149
327 73
302 111
96 108
120 27
298 119
14 79
200 156
105 28
148 117
100 79
137 28
102 77
32 37
28 70
153 37
136 70
232 146
290 94
62 95
248 80
65 37
161 31
217 39
22 90
126 105
189 90
44 92
110 81
216 44
9 31
112 30
2 113
80 87
204 28
41 29
222 54
56 32
76 84
92 72
43 29
185 134
37 29
192 34
116 68
90 94
32 106
104 95
201 36
286 129
46 70
117 39
178 121
54 94
236 38
42 83
19 30
68 114
24 34
123 38
18 92
98 76
84 112
224 27
172 29
157 29
241 148
16 98
64 105
122 108
167 27
38 98
138 91
196 162
106 109
16 30
196 36
108 119
189 34
285 62
164 30
58 76
269 51
66 96
256 155
71 34
76 35
78 117
299 76
211 35
72 93
114 73
26 67
282 108
175 104
75 266
209 155
135 207
4 135
78 67
176 208
72 246
43 202
133 261
25 116
218 196
161 198
163 198
128 234
274 166
139 9
165 281
129 12
50 44
74 215
250 244
74 140
158 17
240 99
37 231
187 156
271 160
213 162
253 99
103 105
91 178
257 261
1 148
134 162
25 274
204 267
85 140
275 57
1 151
31 214
154 163
191 154
118 140
245 221
18 13
125 202
219 215
87 111
214 239
130 60
172 263
208 227
156 31
264 219
133 266
168 67
139 181
95 224
209 25
13 169
274 60
212 20
125 254
47 52
53 60
201 98
46 44
277 59
37 134
252 226
247 219
199 2
18 272
48 218
265 148
127 265
256 271
108 253
8 158
115 75
263 85
111 273
213 201
153 247
0 63
259 13
52 56
9 18
217 233
170 5
167 175
168 146
50 17
37 192
33 27
188 31
3 143
116 78
140 261
16 56
35 84
255 103
127 82
21 270
68 136
111 38
52 7
162 318
129 28
118 96
58 125
79 67
115 112
121 63
120 14
147 45
47 79
27 20
41 117
90 11
118 85
30 153
135 39
79 100
1 95
22 106
19 133
129 43
32 105
78 80
86 91
134 3
152 105
63 18
153 102
147 107
156 156
111 49
42 13
139 40
110 50
59 30
161 129
154 34
76 159
76 138
99 80
10 103
127 3
86 98
23 80
72 135
155 78
150 136
15 99
74 18
110 151
74 159
143 141
96 53
64 13
7 22
123 44
77 23
14 25
61 158
84 23
11 114
27 63
92 16
22 122
160 121
111 115
41 108
124 117
138 142
146 151
60 77
120 149
93 18
36 144
100 59
143 113
29 125
133 56
150 100
4 39
130 98
85 26
123 63
113 34
121 127
81 129
152 141
14 37
140 58
76 15
74 138
77 120
133 90
20 16
145 70
38 142
56 54
116 83
50 123
17 22
153 71
34 20
110 144
46 73
76 41
33 55
21 142
71 151
7 20
160 92
3 154
3 19
65 129
122 40
139 4
99 85
84 53
134 61
144 160
10 85
74 116
107 41
2 125
32 16
37 62
83 60
98 110
159 151
41 2
89 36
96 27
46 21
129 135
116 33
34 157
14 70
86 63
1 12
123 86
101 59
105 61
44 63
121 141
87 146
1 160
39 86
151 9
4 81
111 145
108 76
108 154
48 110
44 133
99 69
7 21
95 88
88 20
25 76
15 71
134 139
30 18
62 91
59 87
12 24
93 149
18 37
28 109
34 118
107 15
90 151
158 58
117 47
39 22
110 43
18 44
58 20
110 7
159 106
23 32
0 129
86 24
111 71
84 44
129 46
138 29
97 123
8 66
20 52
130 70
20 53
27 59
54 9
13 54
5 128
78 96
110 38
138 70
105 65
133 54
153 19
53 75
149 141
23 43
3 77
12 128
2 21
125 70
55 142
48 33
160 5
85 2
77 125
64 106
8 97
75 29
76 63
95 7
57 3
145 105
14 91
91 86
71 98
61 30
77 129
45 87
111 6
16 50
80 58
15 24
110 124
0 156
59 120
151 82
23 97
13 160
9 67
60 37
128 9
119 57
33 141
106 2
49 58
147 50
16 15
64 65
48 81
157 28
158 159
157 70
89 120
16 150
101 123
96 148
52 50
14 149
59 6
131 33
96 107
66 149
72 4
76 4
160 44
64 17
98 56
129 50
82 143
114 90
14 121
109 12
32 15
50 146
84 70
33 65
127 36
88 66
147 100
113 104
97 125
21 143
5 6
132 58
103 78
136 161
101 67
136 84
80 16
128 78
128 0
39 11
148 90
114 131
117 154
36 13
57 139
78 136
38 134
47 57
101 45
87 150
154 149
66 73
20 38
76 6
45 99
106 97
78 77
139 79
23 17
91 16
5 88
53 65
27 0
122 138
105 99
71 127
23 89
98 114
66 50
16 53
197 363
33 88
61 127
144 63
79 145
129 34
23 25
34 115
58 111
196 176
178 73
37 161
58 25
59 44
49 156
124 33
126 155
110 46
111 167
124 154
22 81
135 121
42 155
75 172
176 28
181 64
146 155
96 19
194 139
65 28
6 76
138 126
140 10
13 162
29 141
125 168
133 80
195 111
48 131
121 140
188 194
128 33
171 179
58 161
168 131
148 154
142 39
126 150
125 70
104 187
47 77
12 188
19 81
68 24
31 94
8 169
54 23
105 1
14 68
87 10
77 0
128 10
95 172
106 60
160 156
103 123
21 126
111 174
183 179
151 18
36 9
32 69
141 117
136 10
2 111
26 90
104 95
160 184
173 56
127 48
152 48
82 23
134 104
152 70
2 138
191 149
77 1
137 44
51 101
78 146
84 96
112 95
174 152
85 65
73 165
148 151
96 4
126 15
179 60
35 51
127 19
161 196
139 136
76 126
61 43
27 120
83 5
90 141
39 193
191 81
108 180
110 61
64 124
69 19
69 5
7 30
65 179
46 149
57 6
102 29
64 80
176 100
125 21
130 45
110 101
33 118
122 187
161 14
68 115
176 79
68 172
24 14
17 167
14 195
88 124
126 86
88 57
95 86
24 6
94 51
182 15
143 38
13 119
176 42
98 75
17 43
41 109
46 87
1 56
188 65
151 53
24 91
38 53
124 43
18 182
25 162
174 37
43 51
77 189
188 29
30 179
101 170
82 112
181 174
103 181
11 17
141 189
71 19
50 182
29 58
160 31
123 44
168 44
53 103
124 177
175 93
45 121
70 191
138 51
188 58
32 167
46 12
180 131
162 118
166 147
124 115
194 55
95 16
121 56
113 81
65 105
161 78
104 127
183 93
168 5
116 140
13 165
5 144
114 33
104 113
115 8
50 84
158 171
176 20
179 42
151 84
102 85
58 183
157 116
115 121
78 131
189 140
156 72
60 185
32 22
135 143
27 138
74 12
62 188
3 85
164 48
18 140
149 26
187 5
160 19
133 94
5 188
122 63
34 48
129 186
39 48
56 24
123 52
179 112
53 133
108 126
119 193
108 74
30 78
67 76
113 196
80 46
91 74
146 8
78 85
4 53
40 6
163 104
62 158
44 82
37 44
28 52
187 57
160 38
10 149
112 26
172 43
113 75
126 134
159 23
83 126
8 83
126 113
43 184
102 56
5 147
36 48
114 142
7 52
1 147
110 141
56 84
112 160
48 175
71 180
92 137
76 192
11 136
105 160
85 83
48 25
29 177
81 138
161 160
105 182
134 61
51 66
97 132
184 70
161 61
42 178
195 62
107 92
19 51
172 122
195 126
103 33
70 87
108 56
73 110
1 12
14 53
66 158
25 127
12 131
6 84
135 39
121 70
90 160
43 109
181 153
107 154
162 44
43 38
145 21
165 104
82 100
177 50
123 20
122 159
42 189
53 134
154 12
173 161
33 101
73 66
186 68
5 23
194 99
17 3
152 191
103 26
120 159
150 157
11 0
43 10
161 22
63 32
22 128
21 141
159 114
171 127
160 40
38 54
89 137
32 185
107 152
52 14
58 24
70 192
116 146
30 113
178 190
66 17
51 127
73 61
114 184
111 111
134 123
161 32
81 48
61 150
112 141
40 32
362 238
271 71
212 153
104 143
222 72
3 145
210 83
79 150
111 96
239 78
270 63
207 79
97 20
236 157
82 97
260 66
216 78
236 74
215 74
257 77
211 28
149 51
42 148
237 76
230 137
250 67
144 69
275 71
13 107
184 123
248 68
24 68
189 102
111 56
200 70
198 68
232 74
181 57
41 73
102 101
261 71
69 89
226 62
189 74
155 90
108 118
173 142
83 63
215 67
184 72
132 59
207 0
233 76
225 63
191 115
55 121
231 70
240 72
212 59
54 133
62 65
224 61
253 129
205 59
192 134
144 94
221 63
151 111
184 0
137 128
15 17
267 62
219 134
253 63
221 71
225 59
254 62
22 120
242 60
26 106
214 68
228 89
115 109
189 92
201 60
73 30
124 156
17 80
252 77
23 133
277 61
93 114
7 9
230 58
187 105
244 78
273 68
209 79
37 128
223 136
141 104
196 80
117 140
60 99
182 71
265 73
206 143
210 76
259 62
6 90
269 70
215 0
58 61
89 50
249 73
172 56
14 105
49 104
235 63
39 66
89 130
141 132
119 150
204 72
202 67
262 71
251 78
99 15
246 66
246 110
109 28
240 65
193 62
185 66
263 78
217 75
125 129
187 70
235 139
115 118
218 65
124 0
203 77
229 58
211 71
52 0
179 119
256 59
47 76
183 74
45 52
238 80
86 93
190 79
72 161
175 31
161 84
129 81
137 37
95 125
168 51
192 80
201 103
66 78
244 102
8 89
195 69
84 0
176 62
199 37
52 86
276 61
204 89
196 17
255 71
120 0
278 67
153 166
129 68
45 78
220 71
268 77
74 61
167 2
150 163
234 62
274 77
68 74
219 58
213 62
134 67
33 143
247 74
264 68
188 67
266 58
105 11
12 15
133 112
206 68
194 80
197 79
205 72
228 74
77 26
199 69
79 62
164 95
243 65
199 73
5 77
33 63
223 68
245 68
241 76
186 79
272 76
225 106
60 109
147 140
27 107
249 53
258 63
166 160
20 0
227 68
255 64
161 113
37 2
159 54
208 74
93 108
155 0
172 167
191 64
65 6
194 58
100 67
29 112
359 158
68 306
207 15
337 169
115 164
167 293
65 5
68 83
63 332
192 272
96 268
281 357
142 9
290 246
324 122
246 358
128 323
225 104
334 289
161 260
14 193
8 188
304 17
171 292
335 234
299 231
86 151
290 337
148 0
294 61
326 298
330 256
131 351
220 245
55 8
202 181
192 333
316 55
306 102
131 355
115 201
10 332
55 164
300 47
151 99
287 118
251 99
349 206
274 77
345 84
21 49
177 314
42 228
195 111
346 45
155 340
151 80
322 14
26 310
76 290
242 148
346 246
338 12
245 82
58 79
204 113
66 129
350 291
155 307
109 296
281 329
301 273
334 113
138 168
70 194
306 42
234 9
346 197
80 75
262 343
196 325
269 216
147 76
80 24
341 114
167 8
21 292
107 163
322 140
115 245
6 24
107 110
152 53
339 99
221 123
292 214
125 300
291 65
281 214
230 220
165 146
168 234
279 196
151 217
255 11
110 215
353 163
139 312
264 150
171 59
113 122
175 55
15 319
122 9
111 332
137 322
8 61
309 291
156 232
34 33
94 223
146 39
153 220
178 124
274 315
122 80
311 353
71 167
113 124
249 197
98 48
138 169
293 93
18 3
59 305
76 116
24 149
293 103
283 28
168 348
200 62
23 226
135 104
318 116
183 92
49 46
46 303
222 298
291 104
250 4
291 180
109 347
151 186
53 222
173 180
21 2
198 22
110 145
55 126
208 56
181 202
148 112
56 119
175 200
108 52
91 168
84 22
180 37
10 173
67 203
29 46
9 166
1 38
125 36
125 193
171 31
155 184
31 142
31 164
43 127
58 159
110 34
31 116
37 107
53 7
78 3
112 56
153 142
16 147
203 200
139 183
152 191
14 96
133 146
204 38
193 71
88 105
67 47
30 200
14 19
167 137
187 190
135 10
103 134
13 171
12 173
122 21
84 186
66 130
165 201
5 191
99 160
81 103
98 194
55 94
44 133
282 204
70 198
266 220
145 257
146 197
110 14
208 256
5 96
25 156
165 142
187 71
273 203
265 46
84 267
9 81
24 109
132 145
181 55
208 169
158 157
72 137
164 184
116 182
36 50
260 105
64 239
275 156
35 181
158 14
65 34
192 144
152 175
36 202
122 112
199 234
70 195
198 101
106 87
94 64
89 81
99 100
9 78
7 196
248 227
80 125
63 213
55 150
93 214
239 101
59 67
269 206
123 69
68 13
243 171
196 254
25 205
233 133
44 248
126 37
165 242
149 56
224 94
39 70
192 84
80 26
4 153
189 166
228 23
281 34
108 39
113 175
119 115
131 49
140 58
239 232
240 73
174 94
22 23
269 203
187 175
178 189
200 266
239 251
106 14
221 174
223 269
271 43
111 161
75 231
0 53
61 73
232 45
97 224
91 119
136 146
5 152
39 2
105 173
233 270
256 50
49 275
131 58
56 277
54 47
63 188
159 224
261 190
125 236
131 138
159 222
273 233
61 46
247 57
101 72
0 265
51 103
281 147
144 168
36 57
247 85
51 101
173 12
37 178
227 67
273 205
6 37
9 15
28 28
198 97
37 120
3 95
238 125
204 66
198 278
143 1
275 226
85 26
78 3
134 78
202 120
82 12
34 264
41 240
54 15
227 153
113 274
146 8
217 26
181 208
230 54
262 139
102 181
122 110
64 74
86 223
260 47
43 179
176 181
7 201
184 221
180 8
74 265
270 50
211 31
150 136
115 228
28 114
106 233
232 128
183 21
55 18
149 189
60 90
184 251
275 65
86 109
240 30
3 75
210 171
242 222
195 268
19 65
107 248
79 49
108 195
43 118
107 227
20 30
148 127
235 16
128 184
221 214
121 158
52 163
73 164
191 1
103 222
144 137
123 172
219 224
203 239
121 113
161 192
46 57
139 241
67 66
38 59
55 45
58 63
48 1
47 54
54 51
53 56
10 27
7 15
7 57
66 32
19 51
56 36
52 12
6 52
13 0
7 44
46 29
38 15
5 0
64 27
26 57
48 4
33 54
62 65
30 39
17 21
37 57
26 36
18 51
34 33
44 37
45 25
5 13
4 66
41 7
11 9
52 2
51 3
63 44
34 53
16 26
37 17
52 15
16 9
16 57
45 37
61 51
31 19
65 42
51 37
39 37
4 11
43 13
20 28
43 63
55 58
39 3
48 52
17 48
65 54
13 59
54 46
27 60
23 36
8 25
200 200
120 39
120 44
120 134
120 173
120 125
120 31
120 166
120 198
120 110
120 94
120 28
120 4
120 83
120 101
120 7
120 139
120 164
120 183
120 118
120 133
120 50
120 143
120 189
120 174
120 6
120 182
120 95
120 186
120 33
120 45
120 25
120 131
120 153
120 141
120 64
120 0
120 194
120 9
120 150
120 162
120 165
120 16
120 91
120 96
120 117
120 113
120 78
120 2
120 175
120 61
120 70
120 199
120 1
120 3
120 37
120 27
120 77
120 69
120 35
120 191
120 197
120 56
120 115
120 136
120 137
120 181
120 107
120 43
120 13
120 55
120 24
120 176
120 60
120 29
120 97
120 146
120 67
120 185
120 126
120 79
120 92
120 145
120 48
120 26
120 138
120 144
120 57
120 30
120 168
120 36
120 54
120 40
120 87
120 98
120 103
120 148
120 195
120 46
120 196
120 102
120 114
120 58
120 158
120 188
120 132
120 155
120 104
120 22
120 85
120 86
120 151
120 23
120 127
120 11
120 10
120 12
120 20
120 38
120 122
120 32
120 171
120 93
120 100
120 157
120 82
120 41
120 80
120 17
120 51
120 72
120 187
120 53
120 42
120 65
120 15
120 172
120 119
120 106
120 66
120 108
120 184
120 52
120 120
120 47
120 68
120 149
120 140
120 123
120 142
120 167
120 18
120 76
120 109
120 112
120 99
120 111
120 81
120 193
120 62
120 135
120 8
120 14
120 121
120 152
120 180
120 116
120 169
120 156
120 73
120 163
120 84
120 90
120 147
120 128
120 170
120 75
120 19
120 179
120 89
120 59
120 129
120 5
120 178
120 190
120 161
120 63
120 105
120 192
120 74
120 159
120 177
120 130
120 88
120 124
120 71
120 160
120 49
120 154
120 21
120 34
184 226
152 118
19 178
46 160
166 111
37 40
170 111
126 41
23 87
34 125
77 149
110 85
12 123
65 1
24 174
124 75
142 79
60 60
80 62
11 30
161 21
114 59
104 98
148 81
68 28
45 156
2 15
27 147
26 65
92 95
51 168
48 156
18 37
98 73
59 44
42 90
159 71
76 132
105 43
110 47
89 93
34 5
123 180
105 86
131 8
160 99
144 109
176 79
99 124
41 39
27 92
167 43
122 126
0 48
142 160
32 21
73 21
103 19
168 95
50 180
139 73
95 52
160 112
68 123
93 9
17 42
161 58
69 8
76 12
176 37
99 55
126 182
136 149
180 145
172 66
112 55
153 25
9 24
144 135
148 56
41 64
166 141
104 92
90 125
63 135
82 165
63 39
56 74
39 89
119 148
172 2
64 46
95 16
79 24
45 34
147 67
25 58
139 29
161 117
90 90
105 124
179 145
67 51
171 92
70 145
149 137
51 22
71 99
124 62
26 25
151 16
98 170
128 45
103 71
24 131
17 58
36 24
9 100
16 67
127 31
101 78
59 40
58 5
52 146
42 91
48 97
163 9
181 1
43 135
21 56
86 9
81 84
59 9
130 98
171 170
2 20
179 147
141 173
31 18
109 147
180 62
120 76
182 32
19 111
170 133
158 47
123 52
167 126
150 148
64 102
14 82
82 126
57 81
127 88
152 142
30 92
90 36
29 36
61 15
47 73
114 169
12 170
24 181
1 118
137 35
90 82
176 40
79 7
47 131
104 163
131 15
181 182
22 124
81 28
146 143
130 91
50 136
157 93
115 63
117 52
57 43
60 108
105 16
178 106
174 52
42 134
153 58
29 23
110 65
135 55
117 90
153 126
173 133
31 134
65 67
162 165
60 32
122 41
16 32
87 39
107 0
14 177
139 1
159 50
111 80
58 31
138 114
63 99
94 125
136 111
82 111
117 160
54 122
160 65
92 120
55 21
115 146
52 112
156 130
93 31
144 44
68 156
18 110
44 126
42 22
161 65
17 179
484 17
285 200
181 53
266 127
240 68
395 203
443 168
469 74
324 71
422 85
199 57
92 74
315 111
359 115
125 60
36 75
65 55
371 204
155 274
39 101
37 85
98 15
129 12
114 86
40 145
144 45
1 46
143 106
88 120
31 84
119 43
138 127
76 76
38 55
142 89
46 120
66 130
122 138
154 146
109 66
65 77
57 104
145 72
128 129
10 146
142 28
116 51
0 152
68 94
153 3
37 52
53 43
106 18
83 41
116 12
56 82
115 22
63 68
134 127
81 104
136 144
37 111
14 143
0 34
49 94
22 68
66 106
95 131
83 138
81 7
126 65
2 49
128 103
70 79
72 144
149 126
128 146
118 34
58 20
142 91
9 86
112 68
121 55
144 109
83 102
121 48
113 136
94 19
38 123
39 100
90 52
2 32
33 33
111 74
117 143
39 52
89 82
38 66
99 143
84 77
111 111
106 115
75 47
81 99
4 26
19 116
89 4
13 118
70 2
102 63
67 144
13 54
54 149
134 89
95 95
147 34
99 8
129 21
127 100
77 139
94 56
22 146
74 129
126 114
27 3
6 113
139 40
47 52
14 139
103 12
52 18
75 88
104 106
11 47
34 67
104 62
45 62
37 36
65 146
2 80
61 48
129 95
83 27
64 22
126 58
62 45
93 96
16 84
65 99
2 9
31 102
129 106
111 67
52 119
62 14
3 141
72 30
140 20
140 59
13 74
29 15
13 151
94 101
111 103
41 65
135 42
131 61
87 63
17 31
77 148
112 123
73 134
129 59
98 20
59 81
15 19
10 120
118 84
80 53
133 73
52 55
88 19
35 68
142 1
144 31
90 104
14 34
70 55
77 117
50 148
30 112
35 140
34 151
117 148
29 143
91 14
140 121
130 76
86 154
67 4
54 121
30 64
153 101
146 117
7 44
101 139
34 152
154 139
89 91
27 118
44 66
20 57
68 31
34 88
106 134
101 35
121 3
130 70
48 64
9 120
35 25
81 94
96 38
82 39
56 132
90 121
139 72
120 146
51 91
149 54
27 18
103 105
14 98
111 101
134 36
2 100
131 68
90 42
127 13
122 90
139 143
9 6
56 106
44 143
117 107
63 37
53 134
39 86
124 55
145 11
94 6
151 118
14 14
154 132
71 130
67 31
66 44
24 114
152 129
26 117
142 131
27 114
5 38
46 142
138 107
66 94
87 125
68 114
110 30
40 63
78 2
149 92
43 49
88 112
18 134
135 11
122 67
145 96
141 44
141 149
84 49
0 59
56 54
139 142
18 70
152 142
14 147
42 47
42 147
89 20
144 101
26 26
79 143
219 180
134 48
56 78
64 94
191 33
14 46
88 32
74 81
124 115
78 69
96 41
22 46
129 60
92 78
46 100
24 63
62 86
36 87
54 96
108 27
108 85
185 56
64 66
32 66
152 116
169 107
22 98
72 6
181 87
118 25
142 74
78 79
128 119
162 124
138 63
44 44
84 0
26 30
149 18
158 82
98 3
88 102
16 98
118 91
70 91
50 63
18 2
48 54
175 102
111 113
114 35
66 98
166 116
114 22
56 40
38 85
66 25
167 91
38 35
168 51
121 116
130 105
94 93
142 124
126 45
58 8
171 24
112 37
186 119
162 16
60 97
42 92
181 120
8 8
90 73
40 94
136 114
58 96
193 29
120 38
74 28
116 0
94 0
46 61
14 106
198 114
106 0
102 92
96 94
12 104
90 97
18 105
28 86
110 10
160 24
42 75
34 106
115 121
24 100
136 20
70 23
104 36
106 97
92 87
6 101
119 124
34 30
86 60
62 5
144 77
40 18
100 91
72 85
8 102
125 37
118 89
152 75
10 92
16 70
82 25
54 74
20 47
155 100
120 78
122 99
52 17
100 65
104 106
50 93
98 102
6 50
193 117
80 57
177 120
68 102
156 109
80 89
116 81
202 121
149 108
110 85
188 82
2 25
84 89
60 12
30 88
12 38
140 119
155 80
30 25
76 61
32 102
82 97
52 77
144 125
112 82
177 58
76 100
28 22
173 101
10 65
48 82
86 102
161 113
36 33
121 90
102 0
2 90
197 100
133 100
4 101
26 101
112 20
184 111
4 0
20 92
68 78
114 100
174 18
44 84
189 123
490 377
483 38
489 221
180 120
379 336
305 422
242 411
128 285
119 245
117 151
210 172
460 51
378 103
382 261
457 207
170 137
437 399
388 236
482 209
207 258
78 229
463 134
67 486
153 125
238 70
487 340
472 223
71 424
7 143
334 116
117 293
70 455
58 114
301 454
288 416
280 357
388 360
83 245
221 158
455 371
409 88
192 90
408 375
335 489
33 378
327 85
179 265
274 375
173 27
8 433
322 469
283 457
356 86
486 206
92 169
21 398
401 89
309 162
170 345
128 180
42 26
109 355
78 27
427 453
343 216
112 237
218 301
346 230
121 228
470 186
157 311
405 188
298 278
323 477
239 188
123 362
292 345
326 334
397 386
398 429
297 348
272 426
19 54
469 240
352 468
238 200
236 240
292 0
15 358
301 64
307 3
472 214
336 160
9 421
176 278
186 401
134 109
441 197
335 96
316 369
374 342
1 215
87 126
414 382
212 305
173 445
25 43
144 285
56 355
389 373
217 193
236 301
402 479
187 376
64 378
314 313
456 68
208 407
298 364
136 389
50 5
103 360
3 3
426 464
109 460
274 114
28 105
94 105
157 287
19 247
264 105
332 171
299 196
20 171
280 270
296 355
347 298
424 197
46 280
81 70
195 275
208 468
154 413
75 468
416 328
32 113
451 38
389 338
77 61
286 337
455 489
322 360
236 47
173 444
16 424
158 395
232 61
304 310
107 266
26 432
125 16
96 29
260 153
55 460
106 190
285 258
280 161
207 18
267 333
91 117
251 368
435 164
229 102
289 237
111 101
63 391
260 115
38 400
472 250
126 333
358 415
247 158
199 387
311 133
388 207
430 332
385 69
261 102
294 479
246 231
383 269
167 137
352 67
190 354
441 46
230 65
360 203
168 462
359 293
318 18
193 134
158 481
211 212
145 1
414 437
11 84
322 73
242 286
487 102
309 353
334 80
448 27
326 57
220 411
115 324
88 140
480 147
259 437
290 136
337 48
119 59
203 270
223 226
449 336
311 251
56 434
180 218
211 127
178 207
327 429
415 435
351 232
375 233
151 212
324 87
227 69
443 182
373 203
194 168
204 224
155 452
51 197
449 27
261 130
468 431
232 299
329 411
353 387
84 444
168 225
47 79
386 178
51 179
158 102
435 233
82 286
226 45
205 444
110 443
221 462
384 315
286 224
303 69
289 76
222 263
116 283
298 439
249 28
383 470
273 162
353 258
321 173
169 386
320 60
28 70
143 315
173 177
392 72
94 292
396 216
287 206
235 439
456 470
209 321
203 295
39 225
449 79
328 257
181 189
462 71
102 33
263 430
383 45
329 1
100 140
377 162
93 24
250 385
317 144
5 379
269 254
31 447
101 148
320 120
477 157
72 366
59 203
231 454
42 201
102 425
291 151
256 77
170 314
404 63
48 183
151 88
202 245
469 266
181 126
171 319
54 241
379 60
428 480
356 65
179 67
209 253
226 374
230 178
374 136
129 268
290 348
387 220
295 234
438 68
106 247
394 418
132 408
145 345
53 185
335 124
212 204
102 59
217 218
448 485
85 411
328 69
432 215
198 204
288 471
153 385
372 331
177 58
216 119
330 353
18 307
396 206
485 71
261 18
41 376
176 465
93 373
63 217
184 359
54 277
425 383
215 91
395 267
418 217
411 237
164 52
162 212
103 252
240 432
484 259
52 364
68 54
368 186
213 370
222 274
89 94
169 122
99 122
122 160
221 20
195 71
185 177
38 119
124 24
78 29
28 195
117 38
46 42
15 27
119 64
44 216
16 173
170 205
212 144
176 43
132 56
65 171
177 5
181 18
167 97
62 153
191 27
74 42
211 1
103 186
109 88
129 33
129 78
107 124
48 190
22 204
35 186
164 56
24 83
131 73
165 0
127 28
29 22
215 53
2 95
2 42
9 155
137 120
72 151
221 108
22 20
151 140
49 52
212 133
143 6
161 60
172 183
27 209
177 24
204 185
136 34
117 129
6 76
219 174
94 216
70 116
89 214
32 94
91 156
77 31
212 120
201 45
199 67
83 203
150 200
42 192
103 163
94 79
66 148
107 217
85 186
177 203
11 145
13 132
49 22
163 15
11 214
197 177
15 138
12 72
77 120
88 90
180 0
199 158
95 187
168 40
62 199
120 44
9 94
111 202
164 113
36 170
60 72
113 8
67 87
118 198
193 181
134 134
170 54
30 7
115 95
39 72
92 164
73 77
40 61
13 202
16 177
64 140
30 199
58 209
6 209
83 67
154 182
220 172
188 30
79 176
50 110
173 93
134 200
70 34
123 4
94 58
84 186
30 50
47 83
204 182
60 216
74 0
126 145
205 91
95 215
125 22
138 169
41 111
55 169
211 144
88 78
72 204
128 31
129 146
110 24
213 58
6 218
216 112
198 147
209 153
8 18
66 219
130 94
73 202
125 170
187 167
86 72
54 69
149 215
189 155
11 101
209 31
163 54
101 69
205 219
101 148
172 204
102 147
103 45
145 188
76 77
95 58
82 158
107 168
56 162
22 17
72 29
123 114
104 151
133 10
129 132
48 201
116 119
90 145
71 77
77 127
40 19
87 220
14 71
0 84
9 212
25 108
201 15
155 64
135 184
92 22
110 182
7 200
50 217
174 115
215 100
132 115
170 5
85 134
207 40
53 59
79 96
138 4
111 38
124 40
126 159
114 118
57 15
96 112
175 63
183 80
190 216
89 103
214 48
63 206
59 213
118 113
182 165
163 77
136 166
129 14
102 138
7 174
89 105
211 29
34 188
69 97
79 211
6 86
52 166
156 134
66 24
14 19
128 14
40 172
130 137
216 50
74 9
170 166
154 220
62 142
7 218
218 25
18 38
141 180
14 63
152 48
104 137
130 152
221 194
138 186
173 69
136 62
103 13
212 49
60 85
84 91
170 30
180 216
19 156
149 165
32 28
25 218
345 404
212 119
43 41
71 131
81 41
239 99
45 128
71 85
107 95
222 74
118 22
202 69
31 134
128 94
79 131
97 132
66 128
257 76
224 99
127 134
111 128
221 78
216 91
41 130
99 128
75 83
214 94
4 30
203 121
181 88
100 133
108 134
185 69
119 128
193 109
104 133
94 30
21 20
235 123
22 132
137 131
33 21
86 29
69 133
184 105
192 87
195 124
237 120
7 69
73 92
262 104
55 41
26 131
207 88
36 80
7 132
284 112
103 33
271 105
238 89
41 53
254 76
280 124
85 27
16 130
285 93
78 60
52 93
15 131
38 14
245 88
102 51
232 94
83 71
108 19
19 133
225 120
201 123
205 72
45 77
101 131
19 24
67 52
231 70
50 72
133 130
121 44
242 86
74 129
77 130
81 128
123 29
260 70
5 19
105 132
85 132
58 132
116 128
143 80
289 111
56 130
48 57
186 98
92 59
106 77
28 134
70 21
134 133
49 133
275 121
120 132
115 129
11 51
56 37
12 86
137 76
24 86
198 89
104 70
191 95
70 132
226 82
118 133
243 81
223 112
42 134
61 95
252 78
131 45
15 93
68 56
23 74
35 134
199 118
182 74
132 64
139 134
88 37
110 129
14 77
34 130
176 67
92 134
29 132
129 134
58 17
4 134
64 39
22 18
16 68
91 96
30 84
183 104
48 128
142 22
61 129
65 50
90 134
49 93
60 134
220 112
270 77
103 131
65 134
125 16
248 93
8 128
25 78
259 72
3 133
133 69
96 133
9 83
84 128
9 134
124 129
256 81
255 115
268 100
62 130
74 43
3 20
110 60
109 62
266 103
69 59
35 80
63 132
114 52
98 38
273 104
124 18
31 39
84 66
26 51
229 124
63 86
141 37
79 50
219 113
10 128
82 133
91 133
244 106
30 130
261 104
28 32
99 31
209 121
126 131
135 129
109 128
42 79
274 71
140 131
6 63
98 134
106 133
46 82
24 130
111 61
180 117
211 70
112 28
72 40
287 69
175 115
34 80
208 102
276 107
282 79
265 96
2 129
240 100
246 114
47 130
267 116
100 93
29 93
25 132
87 79
290 114
263 72
17 56
173 99
13 94
88 128
129 78
130 134
53 128
51 132
234 93
20 133
128 129
95 73
116 51
107 129
12 133
21 129
136 129
286 71
5 133
249 89
230 86
6 130
179 96
20 41
32 55
40 88
288 113
90 25
52 129
43 134
291 83
236 117
217 76
59 131
102 130
78 132
75 130
93 130
194 105
54 36
127 23
218 83
95 128
96 56
11 128
251 90
269 120
47 46
277 98
215 103
66 17
80 64
210 93
54 129
105 41
174 107
117 131
227 103
178 113
82 61
138 58
241 90
117 47
23 133
121 133
60 75
136 68
18 43
59 70
119 18
123 128
77 43
27 51
57 72
114 133
233 105
62 94
247 124
40 129
1 132
197 124
38 132
94 134
135 65
93 59
36 129
39 47
187 104
1 68
125 129
264 120
196 87
72 131
250 119
292 76
139 40
17 130
279 97
13 129
283 116
132 133
253 74
33 132
138 131
55 130
83 131
80 128
272 123
57 128
120 62
2 80
188 114
213 88
10 32
190 85
89 74
68 133
14 129
122 46
228 97
113 32
206 97
32 128
189 79
115 47
64 131
200 69
87 129
44 129
113 132
131 133
73 134
122 131
37 72
89 131
140 22
8 81
37 132
134 20
53 69
51 56
18 131
177 120
141 132
281 71
67 132
112 132
39 129
76 21
76 129
204 114
97 46
50 132
101 18
130 15
126 69
44 36
86 133
278 76
46 129
258 68
27 129
84 64
65 70
52 68
81 51
30 67
9 16
46 60
72 7
83 81
10 10
17 30
72 31
40 17
23 50
83 68
12 65
18 39
57 36
15 45
52 19
17 23
57 12
42 58
45 37
82 22
54 18
6 16
71 44
19 33
15 56
55 15
73 24
79 70
72 0
40 27
56 50
70 8
41 63
21 51
46 18
20 4
46 81
36 58
58 58
73 82
48 68
45 26
64 31
64 39
45 67
29 58
36 63
39 31
32 33
37 45
82 62
49 81
71 28
23 77
37 1
33 48
20 50
80 72
50 9
75 7
464 834
432 335
319 220
266 179
4 12
152 223
231 348
354 280
138 77
290 305
403 460
142 67
263 325
355 38
441 18
444 145
434 349
434 6
70 204
114 360
100 65
234 439
320 361
164 92
364 338
96 125
402 244
138 7
72 142
244 392
154 370
351 306
457 14
69 142
442 217
13 294
88 261
34 351
314 42
417 355
172 106
181 375
300 362
100 147
200 339
83 292
260 255
421 245
221 373
322 181
84 156
159 302
316 198
375 358
272 235
126 312
347 153
463 384
273 432
394 229
180 108
134 344
445 425
99 296
252 31
406 14
102 273
278 186
345 11
50 440
131 27
460 126
266 304
97 210
312 392
45 322
449 367
404 171
270 435
395 178
132 175
71 16
169 177
340 309
91 64
40 267
364 440
370 396
212 260
235 230
26 416
454 417
213 226
432 200
7 27
336 406
251 175
217 35
373 132
6 34
379 361
168 386
32 22
276 203
98 239
222 307
11 94
359 42
203 376
337 413
228 169
6 139
354 138
165 408
234 291
334 206
238 409
209 120
188 302
285 180
117 246
207 256
192 323
85 328
150 284
462 27
146 126
28 65
280 348
222 66
284 179
259 93
73 137
361 0
125 82
283 375
21 275
152 340
127 178
298 238
74 313
114 405
288 404
236 284
211 119
164 65
206 420
410 8
403 215
19 231
379 303
345 322
96 91
218 355
294 92
372 399
408 111
174 212
457 108
440 344
373 453
385 420
30 226
65 278
258 340
3 184
387 209
373 127
300 126
53 420
251 163
346 346
461 63
29 170
365 447
70 202
189 269
277 349
292 261
259 92
102 115
401 191
113 386
422 246
66 460
445 128
181 231
298 364
210 358
19 46
366 459
404 63
177 58
429 212
40 282
90 79
74 6
137 239
290 423
364 344
103 419
157 394
197 20
175 376
191 206
10 185
265 369
264 83
259 300
322 246
216 309
162 366
425 103
434 290
441 381
413 239
439 177
26 399
174 31
316 339
209 442
320 365
259 192
74 150
409 120
128 9
425 423
434 73
372 15
408 250
252 101
207 412
421 307
324 372
50 98
451 2
168 77
410 211
181 263
236 286
144 117
330 286
342 388
27 245
212 221
161 83
101 247
175 55
360 69
173 176
369 148
159 70
398 397
101 345
313 345
331 245
243 78
292 239
124 27
395 435
36 215
326 44
311 358
27 206
172 117
38 60
46 167
81 270
130 415
15 170
30 345
416 342
363 436
294 136
461 68
10 249
456 415
414 318
222 143
20 90
449 411
339 375
277 450
338 414
341 17
287 279
380 226
116 119
308 276
211 426
12 40
440 64
80 215
46 415
146 130
341 317
115 41
300 108
249 423
47 370
387 336
259 143
148 287
176 147
320 307
87 266
163 27
37 161
140 311
1 156
128 392
337 186
25 417
33 316
146 96
5 341
407 337
255 129
267 359
121 450
424 417
25 254
165 137
248 29
117 105
366 351
242 134
400 119
76 15
422 451
153 132
44 121
428 452
276 256
156 378
172 445
221 441
174 241
194 196
246 345
336 99
280 384
201 441
82 206
408 291
414 67
332 77
60 216
457 9
192 169
314 139
132 24
413 215
7 426
89 94
236 459
453 396
184 6
2 54
246 50
91 302
429 124
130 324
137 85
394 26
398 338
203 202
410 451
123 395
377 247
295 358
451 25
244 366
392 105
456 340
349 423
89 329
398 104
38 222
145 463
113 105
0 421
442 114
329 234
12 51
216 129
199 103
172 333
130 323
208 107
100 42
21 167
24 120
81 277
392 322
241 87
368 132
218 150
287 185
45 346
459 82
80 330
356 110
127 302
127 336
18 438
407 438
240 335
194 119
460 443
120 308
42 314
459 411
322 316
152 149
86 306
325 137
24 61
253 373
208 224
0 219
53 0
445 187
450 140
247 149
198 359
162 220
188 243
237 450
212 219
456 210
445 251
294 261
15 457
446 75
81 425
3 274
454 370
333 146
228 366
200 350
264 303
99 127
120 80
27 1
295 263
152 349
81 346
115 314
136 273
151 239
379 419
173 52
70 410
343 426
334 179
114 9
382 383
9 171
149 151
203 345
378 33
173 26
39 11
233 432
422 208
32 437
385 386
133 437
198 236
162 410
416 58
42 122
318 92
389 290
201 85
289 33
239 275
259 319
198 457
21 270
390 248
132 92
159 93
137 437
79 285
299 235
47 43
88 249
31 123
375 17
262 168
166 82
125 14
224 236
402 135
171 435
280 434
168 253
394 53
67 439
217 233
175 213
136 408
379 230
188 309
259 325
2 132
66 211
377 301
80 84
369 3
120 162
66 463
30 424
28 73
261 185
445 133
389 237
369 267
303 251
106 297
255 102
204 316
449 121
227 131
202 134
75 247
312 407
142 281
376 454
214 302
123 35
239 291
139 443
371 128
458 201
140 422
241 101
134 175
215 225
64 296
119 181
216 184
297 456
25 146
142 207
308 305
233 133
304 366
237 388
162 85
291 157
266 172
72 50
454 294
9 155
295 92
186 98
138 134
90 402
143 114
163 316
384 49
304 270
27 129
237 453
368 139
26 28
152 427
320 381
274 326
346 444
371 292
385 59
184 213
280 226
355 240
86 428
140 436
57 34
244 86
197 388
189 348
389 24
120 291
333 21
456 218
270 73
393 199
432 369
276 354
240 24
376 386
252 347
160 209
74 209
285 156
207 278
196 275
116 138
303 193
287 446
23 86
4 22
261 359
211 211
105 338
247 323
348 48
35 84
329 122
399 425
401 458
429 158
424 354
22 256
295 411
357 309
238 87
352 75
197 428
36 109
161 443
8 237
320 64
210 262
315 131
13 154
20 33
247 48
378 398
52 98
2 88
240 297
313 193
286 272
78 57
7 262
240 183
178 169
320 196
443 431
304 424
110 391
186 332
417 412
328 52
381 74
3 137
90 206
428 149
175 445
193 419
50 206
93 445
197 90
173 358
313 54
438 192
425 330
367 433
223 248
264 401
426 150
339 182
449 349
377 109
28 374
241 320
384 137
324 167
52 216
298 248
49 19
434 281
110 364
138 48
365 225
370 461
67 251
248 33
440 448
125 403
73 19
422 83
175 267
299 29
363 282
38 174
423 361
95 13
268 43
352 192
241 306
59 2
249 98
215 164
375 188
258 12
33 130
331 244
41 366
455 401
400 314
145 202
126 357
369 72
447 268
79 395
407 22
156 362
59 285
174 445
191 54
215 104
460 203
55 26
269 8
139 299
349 390
273 129
195 292
239 458
205 229
326 251
461 44
141 155
179 216
303 457
176 224
423 420
93 23
36 156
299 403
8 8
117 127
117 416
346 31
449 139
397 410
44 125
325 461
366 4
370 313
385 26
454 216
291 168
289 454
340 272
112 244
285 110
127 437
198 95
306 317
460 459
321 219
57 309
204 95
89 296
82 170
296 171
424 114
409 14
140 224
354 364
395 52
438 18
118 375
150 270
332 257
233 127
4 330
106 299
163 437
178 322
110 355
315 120
342 47
105 231
355 271
317 22
310 227
295 116
235 9
460 387
22 107
164 437
120 7
451 304
11 260
29 81
416 455
45 131
418 273
146 180
458 68
266 93
70 163
14 144
287 324
201 19
226 210
318 41
315 101
243 350
247 85
233 267
390 317
290 400
370 178
390 166
195 267
5 345
25 180
156 417
32 215
220 204
108 9
205 355
246 209
126 193
76 286
432 276
295 88
361 185
260 221
127 359
454 43
54 69
234 272
323 113
194 211
365 61
450 229
438 91
433 435
53 194
87 212
10 130
214 343
234 84
299 35
234 24
133 77
235 174
135 12
407 15
11 152
237 211
192 7
200 282
272 432
44 356
244 418
184 241
404 88
380 177
337 260
77 66
258 356
184 184
346 393
391 7
317 123
234 51
353 377
422 255
95 416
290 278
291 30
127 218
235 80
130 75
132 38
47 216
350 107
298 368
263 127
86 389
432 285
342 154
283 75
429 5
148 63
301 57
344 108
34 173
382 402
168 417
230 234
239 406
191 401
88 233
362 294
155 221
74 236
301 389
80 128
437 171
248 386
347 88
296 67
58 54
393 133
122 354
246 132
314 306
105 8
13 121
117 327
234 237
365 287
83 148
134 192
220 197
255 241
92 265
301 106
263 249
288 163
3 34
303 327
262 84
373 391
426 49
292 242
346 810
1 37
2 9
3 10
4 0
5 4
6 1
7 30
8 48
9 2
10 40
11 13
12 43
13 1
14 35
15 0
16 0
17 0
18 0
19 10
20 33
21 45
22 0
23 40
24 0
25 32
26 43
27 0
28 17
29 7
30 0
31 47
32 32
33 33
34 7
35 24
36 19
37 48
38 30
39 34
40 26
41 15
42 0
43 0
44 0
45 44
46 47
47 5
48 37
49 15
50 7
51 22
52 2
53 0
54 45
55 0
56 0
57 5
58 15
59 42
60 29
61 3
62 10
63 27
64 0
65 0
66 46
67 0
68 14
69 38
70 16
71 34
72 16
73 42
74 38
75 1
76 0
77 6
78 35
79 20
80 25
81 0
82 5
83 13
84 0
85 41
86 25
87 0
88 5
89 0
90 0
91 11
92 1
93 37
94 47
95 48
96 12
97 27
98 28
99 14
100 8
101 20
102 15
103 48
104 0
105 0
106 0
107 27
108 8
109 0
110 34
111 18
112 8
113 19
114 37
115 0
116 2
117 35
118 0
119 12
120 0
121 37
122 34
123 0
124 10
125 30
126 4
127 0
128 47
129 0
130 12
131 3
132 0
133 15
134 34
135 24
136 8
137 28
138 21
139 0
140 23
141 0
142 48
143 0
144 46
145 0
146 13
147 34
148 0
149 15
150 31
151 24
152 24
153 0
154 48
155 12
156 21
174 32
175 32
176 32
177 32
178 32
179 32
180 32
181 32
182 32
183 32
184 32
185 32
186 32
187 32
188 32
189 32
190 32
191 32
192 32
193 32
194 32
195 32
196 32
197 32
198 32
199 32
200 32
201 32
202 32
203 32
204 32
205 32
206 32
207 32
208 32
209 32
210 32
211 32
212 32
213 32
214 32
215 32
216 32
217 32
218 32
219 32
220 32
221 32
222 32
223 32
224 32
225 32
226 32
227 32
228 32
229 32
230 32
231 32
232 32
233 32
234 32
235 32
236 32
237 32
238 32
239 32
240 32
241 32
242 32
243 32
244 32
245 32
246 32
247 32
248 32
249 32
250 32
251 32
252 32
253 32
254 32
255 32
256 32
257 32
258 32
259 32
260 32
261 32
262 32
263 32
264 32
265 32
266 32
267 32
1 48
2 46
3 50
4 46
5 46
6 51
7 49
8 50
9 51
10 50
11 50
12 48
13 50
14 45
15 46
16 46
17 50
18 49
19 47
20 50
22 50
23 49
24 50
25 45
26 45
27 49
28 48
29 47
30 48
31 48
32 50
33 48
34 51
35 49
36 46
37 50
38 46
39 49
40 49
41 51
42 46
43 48
44 51
45 50
46 45
47 49
48 50
49 49
50 47
51 50
52 46
53 46
54 50
55 50
56 46
57 50
58 51
59 49
60 51
61 48
62 51
63 50
64 46
65 46
66 51
67 47
68 50
69 49
70 50
71 49
72 49
73 51
74 49
75 50
76 47
77 45
78 49
79 47
80 50
81 50
82 49
83 50
84 46
85 47
86 51
87 51
88 46
89 45
90 47
91 48
92 48
93 46
94 49
95 46
96 46
97 51
98 48
99 49
100 47
101 50
102 45
104 51
105 47
106 49
107 51
108 48
109 47
110 46
111 49
112 48
113 46
114 51
115 47
116 45
117 47
118 51
119 47
120 47
121 50
122 49
123 45
124 47
125 51
126 47
127 47
128 50
129 50
130 51
131 48
132 50
133 50
134 45
135 45
136 48
137 51
138 47
139 47
140 46
141 50
142 50
143 46
144 51
145 51
146 51
147 47
148 51
149 45
150 47
151 49
152 50
153 46
154 51
155 49
156 51
157 48
158 51
159 45
160 47
161 47
162 45
163 47
164 46
165 51
166 46
167 48
168 46
169 49
170 48
171 46
172 46
173 49
174 49
175 48
176 50
177 51
178 50
179 47
180 50
181 49
182 47
183 45
175 64
177 55
179 58
181 69
183 70
185 69
187 58
189 68
191 71
193 63
195 74
197 63
199 71
201 68
203 55
205 64
207 56
209 55
211 72
213 63
215 69
217 68
219 57
221 67
223 63
225 72
227 56
229 59
231 62
233 64
235 55
237 58
239 63
241 54
243 66
245 70
247 70
249 74
251 68
253 63
255 64
257 60
259 67
261 58
263 74
265 71
267 62
269 66
271 70
273 74
275 74
277 58
279 70
281 71
283 64
285 61
287 64
289 61
291 72
293 56
295 70
297 60
299 72
301 56
303 59
305 61
307 73
309 64
311 62
313 68
315 59
317 54
319 63
321 72
323 57
325 70
327 63
329 71
331 73
333 71
335 71
1 86
2 91
3 85
4 84
5 83
6 87
7 81
8 82
9 88
10 86
11 85
12 81
13 84
14 91
15 91
16 82
17 86
18 87
19 83
20 84
21 88
22 88
23 85
24 91
25 83
26 90
27 90
28 87
29 82
30 87
31 90
32 85
33 90
34 86
35 88
36 91
37 84
38 88
39 82
40 83
41 90
42 88
43 83
44 91
45 91
46 87
47 87
48 85
49 83
50 81
51 90
52 82
53 82
54 88
55 83
56 82
57 84
58 89
59 89
60 90
61 89
62 87
63 85
64 86
65 89
66 83
67 86
68 87
69 81
70 90
71 83
72 85
73 86
74 88
75 82
76 83
77 91
78 86
79 90
80 87
81 91
82 82
83 82
84 90
85 91
86 87
87 88
88 86
89 85
90 90
91 86
92 87
93 83
94 89
95 82
96 82
97 86
98 83
99 88
100 91
101 87
102 84
103 86
104 90
105 82
106 84
107 83
108 85
109 81
110 82
111 90
112 86
113 90
114 83
115 82
116 83
117 86
118 90
119 84
120 82
121 89
122 88
123 85
124 87
125 83
126 86
127 85
128 90
129 90
130 87
131 87
132 84
133 82
134 88
135 87
136 82
137 82
138 86
139 82
140 86
141 89
142 84
143 85
144 82
145 83
146 86
147 91
148 86
149 89
150 90
151 82
152 81
153 83
154 83
155 90
156 81
157 91
158 89
159 87
160 88
161 82
162 90
163 82
164 86
165 90
166 88
167 91
168 85
169 85
170 87
171 87
172 88
173 84
174 90
175 89
176 91
177 90
174 93
175 128
176 134
177 86
178 97
179 119
180 73
181 76
182 75
183 121
184 82
185 123
186 103
187 79
188 73
189 124
190 137
191 84
192 108
193 105
194 75
195 132
196 96
197 104
198 79
199 122
200 110
201 112
202 136
203 111
204 103
205 137
206 79
207 99
208 75
209 116
210 74
211 74
212 90
213 79
214 74
215 97
216 102
217 131
218 80
219 111
220 84
221 94
222 110
223 95
224 129
225 124
226 91
227 125
228 78
229 94
230 102
231 100
232 90
233 80
234 117
235 92
236 130
237 96
238 112
239 119
240 128
241 81
242 94
243 113
244 105
245 85
246 113
247 128
248 116
249 100
250 81
251 133
252 79
253 73
254 113
255 126
256 86
257 92
258 93
259 124
260 118
261 86
262 120
263 81
264 109
265 116
266 102
267 99
268 97
269 94
270 80
271 133
272 82
273 107
274 108
275 96
276 84
277 89
278 80
279 101
280 75
281 135
282 100
283 106
284 102
285 79
286 102
287 114
288 119
289 136
290 99
291 77
292 73
150 131
102 120
70 70
44 24
44 54
44 58
44 37
44 41
44 43
44 30
44 3
44 65
44 7
44 21
44 49
44 40
44 2
44 19
44 47
44 52
44 63
44 69
44 35
44 42
44 66
44 56
44 26
44 34
44 50
44 20
44 64
44 32
44 15
44 61
44 8
44 45
44 5
44 28
44 60
44 1
44 57
44 12
44 48
44 10
44 11
44 38
44 9
44 68
44 59
44 36
44 18
44 6
44 31
44 17
44 33
44 53
44 22
44 51
44 27
44 67
44 62
44 16
44 4
44 13
44 46
44 39
44 25
44 29
44 44
44 0
44 55
44 14
44 23
468 269
47 158
250 79
410 205
246 401
119 165
438 189
71 91
310 387
272 339
105 167
336 196
236 336
37 212
460 234
13 97
153 200
122 179
90 146
3 171
121 191
40 211
412 85
33 75
124 163
302 272
284 400
278 329
6 222
14 199
458 296
50 114
244 410
22 100
380 454
41 82
12 80
252 257
10 97
26 156
125 108
21 123
424 196
312 74
129 156
16 212
79 77
304 163
338 289
151 172
109 128
416 402
392 329
384 165
296 300
7 145
376 195
398 417
144 71
88 122
154 195
382 81
52 83
57 103
112 208
25 112
155 219
320 266
102 210
19 167
452 332
276 152
248 200
128 196
39 198
36 154
44 128
286 131
150 122
45 166
65 158
78 187
123 190
149 181
156 84
358 342
126 99
46 224
69 147
400 167
42 159
440 124
372 352
354 285
131 180
94 106
1 179
426 142
238 334
328 262
436 117
87 91
49 96
432 165
386 139
350 401
23 134
364 235
99 149
120 129
352 91
136 148
322 458
135 206
254 322
113 128
117 96
408 304
75 114
76 152
348 294
34 170
38 125
148 109
434 121
27 80
58 76
139 117
56 101
8 157
93 137
414 151
147 169
330 163
70 154
106 184
127 189
82 184
81 104
59 103
446 148
20 220
48 176
280 72
300 342
98 128
370 251
266 387
11 169
368 151
53 116
15 133
18 157
258 368
422 135
62 180
140 109
54 204
61 86
68 68
2 77
85 151
388 115
146 212
298 273
456 412
316 349
404 74
448 122
450 363
95 155
83 200
282 270
342 284
346 321
116 160
64 90
80 107
141 205
292 319
356 328
110 161
24 195
63 215
77 216
344 458
242 386
9 188
103 87
28 162
86 204
262 185
402 78
454 401
420 435
268 399
32 140
89 94
145 80
428 93
142 159
240 359
318 78
334 144
72 207
108 104
152 69
111 161
96 177
260 167
396 140
17 186
73 210
308 145
91 105
4 108
66 166
362 404
270 318
118 135
55 106
378 451
306 409
288 321
134 224
374 252
290 383
394 227
114 68
133 177
137 162
51 173
92 73
101 175
43 169
340 439
314 143
430 184
418 368
130 68
115 220
29 101
67 100
132 212
5 159
406 282
104 189
324 417
366 188
100 83
31 136
138 187
332 434
264 341
444 95
35 72
256 346
60 165
30 85
84 200
107 193
326 296
442 84
74 190
294 352
143 122
97 208
360 83
274 411
390 100
315 18
130 14
280 118
230 44
118 226
289 193
311 296
71 67
169 310
307 113
184 219
237 210
229 212
103 86
183 186
170 232
241 153
6 88
15 63
12 4
3 5
10 7
3 2
0 3
150 150
40 67
40 114
40 87
40 10
40 20
40 28
40 51
40 73
40 40
40 95
40 74
40 23
40 131
40 6
40 99
40 104
40 21
40 126
40 140
40 89
40 129
40 71
40 112
40 135
40 33
40 86
40 97
40 132
40 141
40 69
40 92
40 58
40 111
40 88
40 30
40 57
40 54
40 83
40 60
40 134
40 32
40 25
40 148
40 145
40 137
40 56
40 81
40 34
40 24
40 93
40 63
40 16
40 19
40 78
40 121
40 100
40 117
40 124
40 128
40 9
40 68
40 133
40 105
40 15
40 118
40 43
40 62
40 147
40 142
40 1
40 8
40 3
40 50
40 149
40 116
40 107
40 130
40 29
40 11
40 96
40 127
40 120
40 110
40 106
40 70
40 72
40 64
40 102
40 82
40 49
40 31
40 36
40 59
40 42
40 77
40 138
40 55
40 80
40 14
40 101
40 7
40 41
40 2
40 65
40 76
40 35
40 47
40 146
40 52
40 123
40 85
40 115
40 13
40 17
40 98
40 144
40 12
40 61
40 90
40 45
40 44
40 0
40 125
40 18
40 113
40 108
40 94
40 109
40 48
40 37
40 53
40 136
40 139
40 38
40 66
40 119
40 91
40 4
40 84
40 122
40 39
40 46
40 5
40 27
40 143
40 22
40 26
40 103
40 79
40 75
313 313
213 266
213 154
213 231
213 111
213 215
213 312
213 222
213 281
213 306
213 230
213 268
213 48
213 30
213 50
213 12
213 294
213 91
213 47
213 289
213 130
213 69
213 97
213 127
213 303
213 140
213 219
213 7
213 267
213 308
213 290
213 19
213 283
213 41
213 25
213 270
213 126
213 53
213 213
213 84
213 83
213 119
213 94
213 157
213 163
213 116
213 168
213 60
213 43
213 104
213 273
213 99
213 9
213 74
213 310
213 239
213 274
213 220
213 54
213 135
213 124
213 216
213 139
213 62
213 251
213 177
213 235
213 193
213 5
213 15
213 182
213 158
213 166
213 113
213 167
213 26
213 255
213 190
213 44
213 137
213 76
213 261
213 67
213 305
213 278
213 92
213 211
213 238
213 287
213 217
213 203
213 150
213 202
213 129
213 309
213 107
213 292
213 162
213 10
213 173
213 105
213 103
213 176
213 80
213 55
213 40
213 224
213 280
213 132
213 276
213 258
213 101
213 199
213 155
213 181
213 284
213 170
213 236
213 102
213 147
213 68
213 17
213 149
213 228
213 49
213 33
213 272
213 208
213 29
213 156
213 145
213 20
213 98
213 46
213 210
213 191
213 136
213 71
213 286
213 240
213 293
213 189
213 192
213 37
213 11
213 134
213 112
213 110
213 65
213 263
213 164
213 18
213 229
213 285
213 31
213 144
213 253
213 8
213 298
213 73
213 256
213 212
213 260
213 38
213 1
213 95
213 2
213 160
213 252
213 279
213 90
213 262
213 185
213 223
213 152
213 13
213 304
213 142
213 86
213 0
213 52
213 6
213 169
213 78
213 207
213 225
213 3
213 61
213 248
213 63
213 226
213 277
213 257
213 247
213 35
213 269
213 242
213 34
213 89
213 21
213 22
213 265
213 179
213 311
213 299
213 246
213 172
213 180
213 300
213 302
213 245
213 82
213 201
213 206
213 128
213 72
213 291
213 171
213 109
213 178
213 288
213 32
213 64
213 183
213 96
213 233
213 4
213 295
213 81
213 45
213 301
213 241
213 87
213 204
213 39
213 175
213 56
213 148
213 138
213 85
213 23
213 259
213 27
213 79
213 117
213 194
213 254
213 131
213 114
213 133
213 115
213 77
213 159
213 275
213 59
213 141
213 14
213 88
213 187
213 243
213 16
213 121
213 249
213 106
213 93
213 66
213 197
213 184
213 146
213 209
213 36
213 120
213 165
213 24
213 125
213 51
213 42
213 70
213 143
213 296
213 186
213 307
213 153
213 123
213 234
213 161
213 244
213 28
213 122
213 75
213 118
213 214
213 205
213 195
213 174
213 200
213 227
213 264
213 271
213 297
213 282
213 58
213 151
213 196
213 188
213 237
213 57
213 108
213 250
213 232
213 198
213 221
213 100
213 218
136 106
99 35
112 134
100 0
15 47
44 124
120 112
127 27
16 2
65 125
135 121
128 32
106 94
132 62
16 82
13 61
36 80
105 117
58 24
131 51
1 53
60 18
36 68
100 22
58 104
53 75
50 48
112 12
127 63
54 22
108 86
106 102
24 70
22 22
86 56
53 63
40 6
12 6
45 1
51 11
60 10
10 28
70 74
41 125
23 53
87 61
75 35
35 81
66 66
100 132
107 93
70 72
49 63
88 74
66 64
121 19
123 65
135 15
2 108
66 34
102 130
24 102
128 104
43 121
64 12
103 83
106 16
2 92
124 54
86 134
50 2
83 21
128 28
96 114
24 54
36 20
69 17
40 54
128 48
100 24
85 1
70 38
60 122
63 75
40 68
110 126
99 39
67 19
106 70
56 76
48 42
34 118
52 40
125 53
80 70
9 3
73 109
1 77
18 112
19 67
84 58
15 33
62 98
88 98
15 133
75 133
84 36
78 18
16 10
21 10
70 17
35 16
31 10
39 11
66 30
51 26
48 13
50 11
44 29
63 13
24 14
9 10
58 30
54 31
44 12
4 16
340 748
3 7
5 4
8 8
12 7
14 11
18 9
20 8
24 9
26 10
29 6
32 10
35 4
39 2
41 6
46 8
48 3
50 10
55 12
57 7
59 12
62 1
66 9
69 3
73 5
74 7
78 2
81 5
84 12
86 6
89 9
93 10
96 10
99 5
103 11
105 1
109 10
110 1
113 6
116 11
120 5
123 0
127 2
129 4
131 11
135 0
139 4
142 5
145 3
147 9
151 1
153 12
157 12
159 2
163 3
166 3
169 9
172 2
175 10
176 4
181 9
182 4
185 6
190 11
192 11
196 1
199 12
202 11
205 12
208 11
209 9
213 9
216 12
172 3
174 6
176 17
178 11
180 12
182 8
184 3
186 4
188 14
190 7
192 17
194 10
196 15
198 16
200 12
202 13
204 11
206 16
210 3
212 10
214 14
216 8
218 17
220 15
222 8
224 10
226 8
228 11
230 17
232 7
234 17
236 16
238 15
240 4
242 4
244 5
246 10
248 8
250 3
252 13
254 10
256 3
258 8
260 7
262 10
264 16
266 14
268 12
270 12
272 12
274 10
276 4
278 13
280 9
282 12
284 11
286 6
288 14
290 10
292 7
294 16
296 10
298 10
300 5
302 4
304 10
306 11
308 11
310 5
312 5
314 5
316 10
318 10
320 7
322 15
324 6
326 14
328 11
330 17
2 12
4 13
6 12
8 15
10 15
12 13
14 14
16 14
18 15
20 13
22 14
24 16
26 12
28 14
30 14
32 13
34 12
36 14
38 16
40 15
42 15
44 12
46 14
48 13
50 14
52 12
54 13
56 14
58 12
60 14
62 12
64 16
66 14
68 12
70 13
72 13
74 13
76 13
78 13
80 12
82 13
84 13
86 13
88 16
90 16
92 15
94 15
96 13
98 14
100 12
102 14
104 15
106 15
108 14
110 16
112 14
114 14
116 14
118 13
120 13
122 12
124 12
126 14
128 16
130 16
132 16
134 15
136 15
138 14
140 15
142 12
144 12
146 16
148 12
150 14
152 13
154 16
156 15
158 15
160 13
162 12
164 16
166 12
168 15
170 16
172 12
174 16
176 16
178 14
180 16
182 13
184 14
186 15
188 16
190 13
192 15
194 13
196 16
200 13
202 16
204 12
206 13
208 15
210 13
212 16
214 16
216 16
218 13
222 15
224 12
226 14
171 13
172 26
173 11
174 10
175 15
176 10
177 21
178 15
179 25
180 22
181 28
182 26
183 28
184 15
185 16
186 26
187 18
188 11
189 21
190 19
191 14
192 18
193 10
194 23
195 24
196 13
197 28
198 24
199 13
200 26
201 12
202 23
203 25
204 24
205 21
206 11
207 24
208 25
209 15
210 16
211 19
212 26
213 27
214 25
215 18
216 26
217 13
218 16
219 20
220 22
221 24
222 19
223 27
225 18
226 15
227 17
228 19
229 23
230 21
231 27
232 16
233 26
234 13
235 12
236 23
237 20
238 25
239 18
240 22
241 13
242 16
243 17
244 13
245 14
247 22
248 15
249 11
250 13
251 17
252 12
253 19
254 28
255 24
5 22
7 30
11 28
17 24
20 24
25 28
28 26
33 26
35 27
39 25
43 29
47 28
53 27
55 29
61 23
64 22
69 22
71 30
76 27
79 26
83 30
87 27
91 23
95 24
101 26
105 24
109 24
111 23
116 29
121 25
125 24
127 24
132 25
136 27
139 23
143 23
148 22
151 23
157 22
160 26
163 26
168 23
171 27
177 30
180 28
184 30
189 25
192 27
197 30
171 33
172 33
173 33
174 33
175 32
176 32
178 31
179 33
180 29
181 29
182 30
183 29
184 29
185 30
186 33
187 31
188 32
189 32
190 33
191 33
192 32
193 29
194 33
195 32
196 33
197 32
198 31
199 32
200 29
201 33
202 31
203 33
204 31
205 32
206 31
207 30
208 32
209 30
210 33
211 30
212 31
213 32
214 31
215 29
216 33
217 31
218 31
219 29
220 33
221 30
222 32
223 31
224 30
225 31
226 33
227 32
228 29
229 30
230 29
231 33
232 32
233 33
234 30
235 30
236 29
237 32
238 33
239 29
240 32
241 29
242 31
243 32
244 31
245 30
246 30
247 29
248 31
249 32
250 31
251 31
252 32
253 33
254 29
255 33
256 32
257 33
258 30
259 29
260 30
261 30
262 32
263 31
264 32
265 29
266 33
267 33
268 29
269 31
270 31
271 33
272 31
273 29
274 31
275 31
276 32
277 31
278 33
3 39
7 37
8 34
11 37
15 34
19 33
21 38
25 38
26 36
29 36
34 39
35 37
39 39
43 38
44 38
49 38
52 36
54 37
57 36
61 35
62 35
66 37
69 34
72 35
75 37
77 38
81 37
83 37
87 37
89 37
92 35
97 33
99 35
102 34
104 35
108 39
110 36
113 39
117 37
119 38
124 38
125 38
128 33
131 33
134 38
137 36
141 35
143 37
146 34
150 38
152 35
157 39
159 38
161 34
165 36
168 33
170 37
175 36
176 35
181 36
171 42
172 40
173 46
174 43
175 33
176 41
177 42
178 36
179 43
180 41
181 45
182 44
183 44
184 41
185 39
186 38
187 37
188 41
189 33
191 38
192 40
193 42
195 42
196 35
197 45
198 37
199 33
200 45
201 32
202 40
203 38
204 41
205 42
206 37
207 42
208 43
209 40
210 43
211 42
212 43
213 45
214 37
215 39
216 38
217 46
218 40
219 42
220 44
221 41
222 39
223 36
224 36
225 38
226 34
227 43
228 39
229 36
230 35
231 45
232 33
234 39
235 44
236 46
237 41
238 36
239 42
240 46
241 32
242 34
243 34
244 40
245 35
246 44
247 43
248 32
249 35
250 39
251 38
252 35
253 39
254 43
255 46
256 44
257 42
258 33
259 38
260 40
261 33
262 40
263 46
264 46
265 32
266 32
267 40
268 45
4 45
6 47
9 46
11 45
15 45
18 45
20 47
25 45
26 45
31 47
32 45
36 45
40 46
41 46
45 45
49 45
50 45
55 46
57 45
59 47
64 47
65 45
69 45
72 45
74 46
77 46
81 47
84 46
88 46
89 47
93 45
97 47
100 46
103 46
106 47
107 46
111 47
115 47
117 46
120 46
123 47
125 46
129 45
131 46
134 45
139 45
141 45
143 47
146 46
149 45
153 47
157 47
160 47
162 46
165 45
169 45
171 45
174 47
178 45
181 47
184 45
185 47
190 46
193 45
195 46
197 47
201 47
205 47
208 47
210 46
214 47
216 46
218 45
221 45
224 46
227 47
232 46
235 46
237 47
241 45
244 47
246 47
249 47
214 321
23 20
17 151
82 249
81 48
283 154
229 319
193 222
6 101
240 548
33 89
208 12
111 17
15 195
163 67
46 6
38 184
125 175
81 133
80 78
97 181
110 234
177 71
191 115
47 111
97 195
29 19
161 37
49 9
134 226
38 74
210 176
107 135
9 215
134 84
102 232
145 23
69 15
78 50
67 41
112 188
194 18
137 77
111 213
124 132
48 204
69 227
129 117
196 98
120 114
158 34
202 148
29 229
46 8
13 73
60 78
180 210
122 74
219 107
19 109
100 158
74 114
235 183
236 98
221 97
76 126
54 156
73 137
167 133
158 196
184 22
173 105
225 73
51 133
66 8
187 227
132 218
79 103
145 25
157 223
173 101
239 7
107 23
208 70
100 170
21 179
214 118
154 152
161 97
1 123
206 200
127 139
79 15
98 214
35 139
39 49
198 206
220 86
45 119
95 131
53 213
111 185
72 74
115 147
215 195
206 226
42 226
219 75
85 189
80 64
43 189
9 45
218 148
56 98
59 39
3 35
102 44
92 182
156 40
177 25
129 87
58 74
35 191
184 226
33 31
43 179
152 128
108 60
151 227
152 46
63 107
225 59
97 219
29 159
136 196
29 59
12 196
201 99
87 191
185 163
145 5
123 135
150 202
143 211
5 109
237 55
93 165
142 210
91 111
98 152
157 177
181 167
92 148
147 219
88 194
14 174
127 25
207 203
39 3
45 121
3 139
119 203
67 199
155 105
149 19
150 132
116 90
100 206
189 169
16 212
46 220
40 50
143 43
48 190
132 144
229 117
63 121
233 227
199 165
230 40
134 18
119 111
144 128
33 21
40 222
85 143
26 212
139 53
34 4
129 121
86 42
69 131
191 67
42 150
228 108
15 191
142 172
84 136
33 201
55 223
106 218
183 89
185 83
159 205
189 41
146 170
39 193
89 99
171 225
71 157
116 34
111 73
100 222
66 24
2 216
127 133
134 164
95 29
33 41
4 42
190 234
181 187
41 219
105 157
162 92
171 211
56 158
173 193
75 51
211 33
47 219
155 21
142 130
91 207
84 140
5 227
163 171
30 86
232 156
197 101
172 94
65 3
70 146
132 128
2 60
1 101
135 113
114 34
174 58
206 12
94 220
139 237
80 70
155 127
192 130
19 209
8 212
81 135
67 91
154 12
139 183
211 113
230 152
116 224
70 184
165 39
31 59
36 46
218 188
57 187
112 98
178 36
73 85
163 73
138 74
236 158
40 60
221 11
46 126
19 131
153 145
169 81
135 71
9 21
156 208
181 117
103 83
182 200
236 52
87 47
19 237
29 161
54 10
180 84
201 209
24 104
156 74
84 118
230 156
26 148
60 164
48 106
37 35
6 58
80 40
173 79
17 25
54 164
236 68
54 112
222 188
44 82
239 45
52 112
150 138
103 139
114 194
160 158
166 38
190 22
136 132
214 46
63 5
48 10
185 185
115 209
179 237
204 58
92 152
167 95
237 69
73 127
238 238
186 42
30 26
225 153
100 68
82 238
185 223
8 194
119 147
226 34
114 2
1 11
223 201
43 165
199 51
43 129
129 127
28 52
181 195
84 166
223 3
28 218
220 52
134 136
199 27
133 71
119 145
84 168
87 1
208 78
24 80
180 126
168 142
4 66
73 239
158 222
212 200
233 107
204 162
158 42
76 206
164 172
201 237
209 27
232 70
14 114
87 109
29 55
88 50
141 169
163 231
216 52
40 128
173 123
215 173
184 186
8 72
230 68
170 94
175 125
96 66
66 220
211 145
80 196
17 27
229 21
177 227
196 146
239 237
226 170
35 39
170 74
98 120
103 159
30 74
21 69
57 233
191 145
168 0
207 97
72 78
119 135
167 79
205 191
179 109
203 87
30 76
39 175
88 174
208 16
211 225
182 198
10 68
207 105
77 47
213 127
161 147
183 149
125 229
152 104
148 58
81 9
169 49
5 141
127 235
116 50
181 17
226 62
34 180
44 116
132 52
121 59
20 196
160 128
161 201
204 74
96 176
86 20
234 140
6 188
162 132
194 190
185 233
146 66
70 60
9 151
53 169
178 176
211 115
11 111
144 72
102 60
51 193
112 2
158 24
54 34
143 75
0 62
55 237
31 113
44 40
35 1
2 108
0 80
31 11
96 140
236 168
40 70
229 183
4 150
146 210
211 217
171 227
134 174
163 237
198 210
219 151
88 204
93 119
95 105
146 6
59 237
82 46
69 213
127 89
16 90
75 15
40 182
138 156
45 103
19 35
197 97
148 30
68 24
74 20
134 148
234 4
217 219
20 114
132 4
213 99
173 125
151 1
76 64
214 212
212 6
177 97
201 75
222 78
201 31
4 128
79 7
144 20
104 56
126 8
204 190
161 51
18 212
227 5
47 185
18 24
62 96
111 187
27 151
237 11
158 216
201 25
164 164
159 79
177 35
114 110
212 224
122 200
55 115
124 188
15 219
64 92
73 109
5 161
30 108
164 158
92 226
159 141
233 209
71 123
68 36
29 29
19 18
19 15
19 21
19 23
19 22
19 10
19 20
19 6
19 7
19 19
19 25
19 8
19 1
19 26
19 27
19 28
19 11
19 0
19 12
19 5
19 4
19 17
19 16
19 3
19 9
19 24
19 2
19 14
19 13
338 758
186 226
101 12
212 201
106 289
205 159
238 296
11 296
98 88
218 101
276 275
130 253
280 305
226 207
90 152
240 126
100 77
213 37
243 256
112 263
61 122
134 223
217 112
18 1
17 305
155 287
302 86
126 114
200 224
240 143
321 164
190 169
147 135
228 126
244 64
66 43
304 164
331 100
154 185
8 70
300 235
162 214
105 125
47 246
221 168
53 116
11 176
333 7
59 141
189 5
87 272
71 81
256 41
332 20
142 267
263 241
135 14
319 96
116 67
98 189
280 78
28 181
267 305
168 173
8 206
62 64
237 28
246 56
60 76
179 90
330 204
295 175
229 320
315 61
210 232
235 46
215 69
263 298
262 138
333 240
242 261
138 213
301 167
102 267
135 53
272 157
251 198
12 266
292 20
228 83
64 109
121 274
57 269
6 271
102 78
298 195
278 256
239 317
237 168
246 207
259 5
283 257
194 164
21 24
270 244
189 36
152 61
163 53
174 243
328 132
200 170
292 119
249 232
20 161
271 131
283 207
243 141
7 50
319 84
252 36
130 211
194 305
75 262
29 260
59 13
309 214
68 0
26 33
329 166
287 163
92 140
308 195
126 73
140 61
312 27
211 97
131 294
26 221
225 96
223 233
286 154
234 165
290 176
208 269
139 219
97 166
300 240
294 5
25 9
143 194
215 320
221 69
94 282
222 73
182 227
153 157
41 164
145 94
109 189
231 190
160 294
230 335
185 72
102 151
84 109
60 305
264 163
320 314
182 319
285 262
209 59
114 293
324 83
236 218
244 5
182 196
289 178
14 149
61 240
185 238
162 209
97 57
268 149
295 198
196 335
58 194
243 335
199 203
256 291
197 44
145 150
137 337
268 213
336 143
172 204
126 125
212 78
244 102
320 269
324 204
185 265
272 2
299 287
62 137
107 80
22 173
312 213
27 144
331 32
120 98
164 183
296 48
18 151
64 141
37 116
193 295
317 225
153 138
236 289
268 237
249 108
173 168
197 274
135 25
46 123
110 140
50 302
127 224
93 70
284 78
14 179
259 301
276 273
175 97
253 251
57 203
109 313
323 232
59 323
154 271
267 69
67 220
0 175
139 272
261 270
248 66
6 279
33 120
208 45
134 94
251 296
26 111
296 262
138 331
18 43
135 245
121 40
275 152
252 315
102 198
231 5
318 309
70 3
247 88
55 62
157 247
109 16
301 210
309 41
264 212
137 255
244 197
328 299
3 107
168 64
278 145
315 158
303 285
149 88
136 265
236 227
110 138
20 216
251 273
88 93
1 211
208 39
29 127
157 65
288 144
278 320
16 242
307 214
84 201
199 287
170 276
278 208
34 203
205 332
273 1
45 129
51 295
70 31
70 150
23 94
303 100
129 160
221 54
59 109
159 68
32 211
321 184
323 203
288 1
48 119
78 74
44 267
142 68
287 4
221 104
17 244
34 335
241 157
124 165
137 56
196 148
78 304
100 94
41 307
318 214
207 230
206 120
5 315
189 322
215 91
45 44
38 14
318 263
227 52
215 293
178 317
273 284
190 257
271 223
10 332
46 95
329 18
249 136
80 71
290 256
42 41
185 259
70 194
113 112
101 255
21 78
194 103
222 282
291 310
1 255
216 299
174 104
181 205
12 4
119 224
58 212
18 115
236 183
149 280
270 245
243 170
209 80
6 200
293 54
277 269
21 257
33 49
333 181
111 269
269 45
282 96
268 58
100 8
257 249
43 202
195 320
8 299
259 142
167 47
132 91
177 243
299 195
88 320
304 305
194 100
291 208
180 108
261 29
81 201
154 128
212 144
232 1
245 235
130 46
22 280
11 297
234 45
29 27
180 170
14 99
142 138
151 97
66 1
278 179
105 52
318 96
73 335
46 140
196 113
89 211
321 209
24 86
250 168
170 113
229 280
260 268
222 87
302 335
119 304
19 211
22 326
306 207
162 191
152 67
189 66
233 148
314 291
152 267
112 165
293 305
229 147
38 36
200 45
214 279
92 272
177 115
26 275
72 159
185 212
75 66
132 139
274 101
293 232
81 268
166 214
63 280
13 204
102 207
198 83
7 69
291 256
129 300
101 85
160 53
236 173
35 68
337 81
123 330
127 116
157 74
216 244
156 163
331 86
171 301
291 287
331 301
331 298
265 114
268 147
55 236
331 21
285 246
101 287
221 39
164 103
104 119
78 204
237 294
324 46
167 243
302 23
110 1
303 326
170 29
133 293
164 68
29 17
211 319
64 244
100 183
35 149
189 203
258 82
63 314
30 165
226 85
39 70
200 99
270 49
283 143
143 296
253 240
148 240
237 172
273 112
85 18
35 216
205 73
214 324
133 254
313 75
215 33
62 162
212 231
100 330
29 185
126 284
73 202
304 259
192 54
312 178
80 209
70 134
124 133
133 70
337 236
320 116
337 238
243 296
323 189
286 117
75 102
288 22
181 254
115 0
253 154
297 198
199 217
251 3
148 96
233 280
144 9
45 229
236 84
235 154
248 117
86 105
205 47
231 222
332 92
253 176
120 133
325 45
70 33
278 196
41 20
216 65
270 57
169 127
79 101
81 134
80 110
230 118
106 60
145 208
336 221
245 82
181 326
147 34
116 197
26 80
232 62
60 72
232 40
72 255
186 208
73 278
125 164
156 50
43 69
319 272
178 293
229 194
104 32
193 227
283 255
300 215
228 165
164 0
318 266
45 307
290 76
129 120
201 33
278 255
0 289
241 132
90 139
202 97
6 171
85 20
59 91
172 276
190 121
48 242
330 279
264 289
10 323
171 315
295 94
283 308
167 101
153 52
46 327
253 39
299 51
322 294
229 209
119 52
234 104
21 77
235 286
117 37
31 192
40 159
202 5
333 99
174 255
217 116
94 179
151 165
3 49
297 107
2 337
158 282
96 112
173 323
87 117
61 279
206 51
104 158
26 136
39 153
251 74
199 120
27 148
66 272
18 223
205 52
130 222
67 132
21 140
190 207
229 154
246 147
262 291
84 162
89 179
237 281
202 4
240 4
148 335
204 59
140 177
31 254
222 288
317 88
271 152
157 180
7 244
199 229
331 335
333 26
297 66
209 143
116 201
85 304
21 3
337 39
300 48
188 145
123 215
228 307
217 12
55 80
140 209
49 215
196 277
324 71
214 131
180 333
23 0
296 133
193 297
187 23
175 9
243 188
233 57
199 62
318 112
292 298
192 211
237 221
172 322
110 312
269 213
330 186
294 58
252 293
227 316
165 274
95 123
246 273
151 118
238 298
145 22
76 122
306 127
199 228
198 35
337 137
236 311
282 309
178 7
241 39
245 286
198 31
80 26
164 301
76 180
335 99
184 51
289 33
187 301
106 30
77 111
226 309
106 164
194 181
154 34
181 47
151 20
106 302
109 235
110 315
200 77
87 217
125 331
195 238
494 173
64 146
127 367
110 396
310 168
326 260
70 314
193 283
236 280
45 103
108 16
421 469
147 306
397 142
331 360
84 471
301 361
374 182
305 12
214 253
111 260
48 405
119 416
182 383
209 189
349 426
14 488
352 241
67 302
493 425
96 338
480 273
114 403
114 285
299 431
433 226
423 335
115 181
229 205
176 430
262 105
159 115
324 122
142 213
456 34
271 29
396 214
78 81
148 374
428 215
370 381
7 256
438 96
493 304
89 463
266 194
296 79
147 476
194 386
45 97
17 490
70 123
269 379
423 216
138 407
384 81
402 388
92 173
167 46
58 439
249 221
148 168
437 335
163 58
226 380
180 189
259 475
435 122
439 64
158 148
427 338
137 360
445 486
165 125
172 403
33 350
215 125
386 452
36 131
127 150
225 396
92 22
92 259
167 420
488 82
458 291
203 329
357 291
265 228
242 313
265 488
25 88
443 104
432 253
331 8
62 7
465 369
440 150
280 225
1 178
360 88
250 151
340 457
27 121
317 206
240 224
68 331
139 77
463 63
7 73
241 391
288 392
72 188
442 415
210 396
156 24
479 133
14 69
383 56
10 401
395 354
430 81
120 220
267 245
114 138
15 415
376 481
243 100
456 327
273 265
492 316
329 79
15 484
369 9
481 437
28 458
34 370
222 145
47 427
367 84
148 380
42 489
249 383
427 187
96 111
234 388
183 43
453 217
217 337
205 446
399 262
279 343
460 456
10 309
378 369
92 383
287 250
261 241
178 336
281 133
243 460
311 86
76 55
381 86
183 295
171 105
21 65
26 72
147 69
167 159
131 149
23 17
117 111
141 141
60 166
137 79
74 30
50 64
129 23
108 146
128 116
59 121
116 102
3 123
162 144
120 172
58 182
86 112
64 114
123 141
35 147
58 64
2 16
110 182
175 89
174 18
136 76
6 56
103 15
106 62
181 113
133 117
105 37
76 72
109 169
132 74
81 47
16 158
111 135
44 30
61 43
131 19
102 142
171 59
75 39
10 50
122 128
177 69
182 102
55 23
140 8
163 71
14 152
121 159
140 142
132 160
14 122
132 174
155 181
70 44
154 68
149 17
82 6
172 142
126 106
159 95
75 85
68 104
131 63
17 83
72 74
156 22
90 16
84 62
40 182
74 146
0 50
168 100
81 45
127 117
70 102
42 64
151 7
24 80
87 93
180 24
131 179
135 159
117 1
107 129
76 160
44 172
177 109
124 114
173 105
19 71
73 173
102 68
122 142
144 104
9 63
47 119
15 13
79 33
39 113
47 83
110 134
113 11
16 10
122 134
44 170
174 50
101 29
152 94
180 28
136 62
176 52
97 81
52 58
178 54
65 9
49 39
99 151
112 38
56 30
16 24
44 94
126 138
99 75
130 78
140 50
137 93
46 40
132 134
150 16
0 182
80 140
40 114
27 139
115 1
120 164
76 96
96 50
127 127
166 134
13 31
3 141
125 65
98 34
7 145
83 37
47 153
129 175
146 24
148 64
158 158
149 11
7 123
4 86
79 95
144 172
116 104
93 39
84 172
181 27
68 142
17 145
23 21
53 177
149 101
33 169
16 4
61 173
108 124
25 149
51 25
100 176
182 72
94 78
56 10
148 144
134 10
62 8
36 22
45 31
39 69
81 151
113 117
104 60
25 37
75 95
140 4
30 46
70 36
58 14
124 58
77 29
128 110
120 44
96 40
98 118
16 162
135 111
117 157
82 182
135 59
70 26
58 110
7 133
135 19
91 49
127 55
109 113
59 119
69 117
135 31
32 58
106 170
56 142
86 48
170 126
93 135
2 132
43 71
152 82
94 174
123 137
10 44
53 169
70 88
127 1
102 4
71 173
166 24
66 120
51 83
10 80
43 123
35 97
178 152
45 83
152 46
79 99
164 38
148 158
118 28
176 12
20 34
31 113
4 70
113 151
5 167
99 1
172 86
51 121
126 54
164 22
13 81
71 65
23 93
120 118
132 126
98 18
73 123
161 161
85 145
179 97
42 2
36 142
50 122
76 58
163 59
86 180
53 145
60 180
96 4
32 52
4 110
119 73
127 105
122 14
52 36
93 109
150 80
20 92
92 46
98 162
76 138
36 158
129 45
415 769
30 388
1 330
383 353
61 368
273 76
190 156
21 199
109 344
151 99
343 62
212 204
379 258
72 156
357 298
96 30
60 218
160 345
300 10
39 7
305 258
284 322
178 230
396 354
217 169
73 400
286 93
97 65
140 186
135 334
255 388
206 375
49 398
181 407
292 17
147 93
307 265
413 289
142 168
210 117
10 181
82 72
281 39
298 412
266 62
367 60
368 269
90 352
70 49
89 249
211 355
342 150
368 233
213 392
163 380
40 359
10 110
144 396
148 371
232 128
239 361
364 157
313 88
176 231
33 369
71 379
196 144
167 153
389 265
92 388
212 129
89 96
40 306
172 286
157 116
348 92
152 115
60 37
62 297
342 309
233 70
77 106
189 380
128 410
396 398
131 22
147 26
96 315
376 261
219 10
35 408
84 190
16 337
189 408
395 401
223 170
386 383
163 245
315 207
54 48
248 75
360 171
25 45
360 250
412 392
112 336
26 142
185 300
51 76
118 38
21 255
140 136
391 275
78 241
281 227
105 242
52 336
209 115
49 145
6 376
313 97
393 354
177 231
171 123
219 44
115 224
7 21
202 152
348 187
240 90
412 294
40 133
346 62
5 259
153 354
117 125
151 383
248 21
158 89
120 80
289 356
183 108
27 111
222 386
148 348
407 244
10 184
87 44
248 41
70 221
59 111
28 111
119 94
176 331
328 255
48 121
267 14
330 177
258 341
232 383
272 121
215 89
105 174
256 357
286 270
113 305
217 369
105 371
286 210
398 71
199 64
61 184
284 94
262 225
228 186
387 54
58 351
219 363
359 211
243 116
189 345
237 23
96 235
130 145
193 380
244 162
142 336
226 375
229 344
408 286
7 360
411 88
171 165
47 100
203 252
375 157
77 81
408 353
363 278
189 286
172 185
325 151
204 264
353 315
155 36
283 258
313 26
50 352
121 256
85 220
394 83
185 187
55 353
316 143
143 201
324 10
45 99
290 60
77 254
24 194
277 58
316 264
134 280
0 401
409 344
71 161
402 401
148 334
345 141
88 210
39 192
357 8
283 132
175 8
282 224
111 320
135 160
39 309
168 262
173 216
195 100
307 290
412 22
184 332
270 342
333 22
199 328
309 41
366 177
283 332
288 212
88 348
233 319
60 91
26 225
329 364
330 154
400 59
354 135
89 171
170 59
407 173
266 231
341 201
19 241
361 157
93 187
70 333
117 381
412 310
409 323
266 168
324 328
294 204
316 117
21 311
206 287
8 175
347 327
100 212
314 189
48 176
223 100
112 277
226 32
26 71
314 382
105 143
182 315
46 80
65 244
228 391
375 135
80 299
413 243
407 207
389 208
94 10
39 310
208 26
207 95
32 281
391 325
364 56
117 389
53 236
13 392
118 314
92 242
325 374
6 194
309 189
374 252
395 7
197 323
129 78
9 400
231 238
218 131
4 102
118 391
390 36
288 385
264 41
363 229
405 264
367 360
0 81
365 150
254 392
353 257
17 278
258 82
397 362
250 147
78 108
298 384
379 116
396 274
400 31
28 116
398 411
406 340
253 148
115 10
201 201
152 6
208 53
255 23
344 271
103 311
305 391
341 224
278 278
245 290
83 116
178 64
347 83
350 3
217 171
106 228
206 221
94 358
153 307
14 290
90 117
353 41
18 363
335 170
43 214
308 366
232 75
279 52
160 130
73 201
235 291
198 158
156 189
32 226
316 239
136 382
23 199
351 273
219 281
164 122
302 324
366 85
248 198
26 362
34 78
394 173
382 263
175 247
33 128
307 167
337 84
252 301
70 100
46 248
36 231
122 209
241 237
7 108
71 250
183 79
412 200
292 197
69 26
380 354
358 202
332 291
228 130
30 269
51 71
364 292
206 315
99 182
189 263
98 288
294 329
274 115
4 307
379 45
0 83
106 13
365 321
384 202
92 205
284 26
259 261
288 180
247 368
207 274
366 285
195 12
87 276
118 172
207 5
113 215
117 117
301 169
302 283
3 355
145 298
8 362
407 197
412 202
81 349
101 151
242 73
58 155
177 128
103 339
333 98
401 187
261 1
116 104
206 251
186 385
191 230
205 193
46 280
185 114
414 106
396 157
111 216
143 380
261 255
75 6
45 258
17 149
26 282
19 373
198 388
275 249
303 346
130 165
257 176
297 4
339 33
240 201
286 294
241 274
256 351
150 121
29 309
94 331
268 75
211 53
181 295
104 211
209 405
65 119
208 47
164 167
277 20
3 308
372 129
189 69
333 391
171 12
317 387
160 196
36 324
105 193
333 178
84 338
224 149
268 197
236 263
193 99
198 244
241 231
182 299
175 137
20 176
197 243
359 347
241 171
274 196
78 66
119 179
222 167
386 225
80 390
15 198
308 252
326 0
215 106
264 385
237 264
37 6
162 180
161 166
156 1
372 403
158 268
53 385
251 74
130 17
263 115
152 65
353 146
267 379
120 198
1 207
91 207
409 232
322 50
247 8
336 346
337 38
392 70
216 8
95 21
339 330
403 357
211 52
86 82
368 393
104 50
33 135
31 35
104 159
189 97
256 354
153 58
14 243
35 121
261 290
130 96
17 404
406 403
155 7
384 308
151 291
310 339
329 228
133 103
75 43
2 264
350 158
71 183
22 285
153 330
216 166
400 295
111 378
252 148
374 312
181 242
156 408
277 178
307 396
374 117
229 153
68 39
10 277
400 196
210 26
146 327
292 86
82 333
172 305
356 282
64 2
343 288
242 28
378 66
337 130
108 68
83 18
392 330
227 163
67 165
63 130
185 292
150 410
358 73
89 229
210 267
67 145
305 62
178 22
282 341
136 261
226 46
399 155
119 89
7 137
360 264
245 380
236 113
335 329
160 236
221 149
216 256
50 79
228 43
330 330
145 355
407 316
180 340
246 63
47 233
177 191
273 59
99 261
247 371
237 394
21 45
92 88
47 273
287 349
63 398
280 341
160 318
408 110
356 311
213 292
358 406
31 211
334 219
317 220
304 23
23 85
367 368
238 167
188 203
236 395
212 333
359 407
162 54
312 370
92 359
140 240
14 275
337 258
137 301
379 102
359 39
229 53
340 156
199 132
124 396
240 49
210 346
365 35
46 170
99 68
402 412
175 335
127 24
202 304
377 64
353 341
376 338
55 350
363 357
115 240
47 15
327 127
101 228
362 99
240 334
389 83
33 292
277 70
52 234
64 32
26 221
222 240
406 56
71 298
278 310
387 180
145 3
113 236
183 199
83 330
209 56
208 333
289 183
386 399
335 179
278 123
301 151
290 225
318 178
329 276
36 80
252 32
43 195
345 263
178 395
233 163
326 193
91 157
229 33
331 133
297 370
351 74
390 371
158 273
93 123
147 80
332 64
373 373
275 75
396 371
228 74
120 61
103 96
258 294
409 91
407 10
270 412
122 386
80 285
378 283
54 248
273 39
351 240
311 31
172 406
363 332
17 388
223 363
79 98
202 60
422 406
202 294
158 337
354 167
84 327
180 10
365 289
371 74
138 362
391 413
404 169
100 379
31 165
208 177
412 398
222 242
63 381
289 292
261 228
96 378
5 321
196 363
6 207
309 87
185 117
366 252
365 285
359 339
83 410
297 99
106 156
349 115
275 1
211 356
309 90
280 143
29 368
254 255
343 345
318 270
246 163
290 282
302 20
161 85
348 118
307 49
33 276
6 377
28 319
228 389
336 68
234 261
244 179
131 241
106 316
59 310
375 159
128 213
141 106
260 110
266 388
8 342
164 254
45 239
220 119
227 267
248 246
9 296
258 291
6 98
254 341
289 343
47 379
398 279
237 171
256 391
348 166
343 292
1 70
258 5
97 342
25 37
44 400
123 110
97 416
152 154
271 60
38 86
319 175
26 344
304 15
241 343
293 247
389 112
179 260
236 364
139 231
67 415
174 125
53 226
181 215
264 105
246 226
311 60
132 286
10 234
129 144
215 238
385 307
82 213
61 22
251 405
344 40
129 214
313 73
236 287
231 393
401 134
372 31
383 289
131 199
24 394
4 110
113 152
244 383
204 211
228 328
249 322
81 92
14 146
343 335
388 276
75 97
336 249
183 38
235 268
133 266
2 397
262 293
175 382
176 5
380 282
187 303
311 345
140 327
321 137
403 227
254 73
167 104
41 243
99 380
193 90
21 218
227 266
121 222
381 6
371 52
141 393
397 270
17 8
298 179
205 244
180 282
222 71
277 114
166 38
45 105
8 37
213 247
95 161
300 222
10 402
215 39
275 237
335 83
287 296
370 202
313 322
312 338
381 412
153 348
194 69
371 8
344 137
333 122
381 67
46 339
137 409
49 405
125 406
114 122
149 343
264 158
264 389
74 250
84 260
218 102
343 56
177 17
334 135
25 173
219 147
132 84
236 46
298 125
116 24
163 83
285 37
413 37
42 371
262 161
66 402
112 354
265 377
223 109
188 45
333 242
173 110
34 360
15 397
412 276
126 274
328 26
139 266
380 237
340 94
243 12
327 65
79 400
275 242
378 136
280 245
111 95
364 180
309 322
199 7
266 63
42 260
269 283
385 217
221 320
317 400
5 26
382 401
284 354
356 368
10 245
57 171
323 25
339 183
200 160
3 195
56 191
332 321
60 248
342 124
335 407
197 38
97 183
129 19
127 386
302 113
9 158
189 251
49 226
317 211
265 310
294 76
246 196
212 312
218 142
94 357
70 209
16 281
198 162
166 323
292 87
349 283
413 94
306 272
299 271
75 330
237 183
227 381
150 53
382 112
241 410
172 253
98 252
170 104
343 60
136 100
410 362
241 147
252 209
388 393
174 20
26 227
193 141
49 39
84 44
221 347
350 394
64 319
303 368
292 28
276 360
382 93
413 366
200 64
306 354
32 214
287 107
3 223
123 88
416 251
312 310
255 122
407 143
326 234
96 315
311 144
415 307
211 298
58 341
144 163
50 395
214 83
240 65
395 144
220 179
179 376
197 287
49 148
53 340
184 342
219 158
100 240
350 414
388 59
272 367
181 125
28 248
66 201
363 94
72 179
404 218
328 323
311 225
336 23
218 30
338 344
283 192
288 290
82 318
77 184
204 162
87 201
159 371
118 155
219 396
357 384
162 253
81 350
323 354
367 361
33 234
11 247
324 159
402 330
376 31
204 385
357 247
387 213
402 126
12 65
102 88
323 398
182 189
319 16
0 109
221 74
25 114
288 187
421 403
281 26
140 241
378 244
186 244
398 248
259 309
116 390
209 188
22 312
329 3
110 87
332 126
54 157
270 201
69 268
172 421
156 355
61 330
142 351
143 370
358 337
342 284
420 855
127 293
122 212
349 253
93 341
291 35
369 121
26 12
58 30
77 309
218 188
355 389
92 160
60 360
264 110
268 392
174 114
112 360
294 6
270 192
187 309
252 20
168 2
179 27
159 153
31 65
268 30
212 370
190 336
381 17
161 173
359 419
205 289
271 311
213 299
384 70
406 416
204 250
407 87
345 171
229 411
262 0
234 18
337 253
60 280
345 79
87 141
400 270
52 408
24 296
104 244
192 218
380 186
332 220
18 216
292 116
295 407
284 136
416 50
201 39
85 359
363 89
48 46
120 114
387 79
238 336
352 178
1 259
116 296
201 347
22 118
267 61
189 119
285 221
119 249
226 102
150 304
32 362
271 369
54 376
193 349
21 143
409 365
389 193
166 262
377 199
410 50
118 118
295 143
2 342
113 231
415 235
307 185
260 382
318 408
177 111
12 296
1 233
114 102
339 323
131 81
212 112
59 333
285 77
221 299
326 88
67 127
168 218
283 379
66 40
69 373
205 337
188 248
18 144
87 303
63 41
383 215
344 308
375 149
397 391
282 416
376 8
80 288
10 44
132 138
111 37
4 358
340 24
241 401
56 382
334 58
55 255
330 122
322 188
38 210
333 195
97 139
215 147
216 178
395 61
35 29
17 133
2 400
247 209
23 17
370 270
310 316
353 141
173 245
90 348
271 351
403 341
364 200
14 194
160 384
354 398
112 320
373 287
224 322
93 163
167 291
22 132
177 217
138 18
117 317
381 353
160 48
1 203
127 369
313 83
371 91
417 347
297 309
103 111
241 341
276 120
335 387
256 234
221 287
234 246
113 197
113 137
6 308
203 63
394 118
51 25
397 3
289 99
180 182
191 401
231 181
416 78
398 168
170 130
397 105
159 257
0 290
359 353
275 183
69 111
314 226
20 16
132 140
148 118
122 202
257 47
52 40
405 395
200 318
33 299
95 323
325 311
374 30
37 101
213 9
307 93
88 296
263 349
263 373
396 124
362 180
191 67
96 26
245 233
198 250
106 244
28 170
108 80
304 34
354 182
134 146
411 263
311 89
124 154
208 142
255 53
170 236
385 409
336 110
23 103
169 73
267 53
261 417
195 255
379 223
221 27
41 87
124 134
403 407
302 384
156 418
280 138
157 391
52 138
94 18
135 105
146 282
290 48
390 390
270 82
170 210
389 239
113 241
191 79
415 241
145 177
17 287
234 194
32 328
124 48
381 251
8 0
362 404
374 228
183 59
22 362
29 243
360 276
243 91
163 183
320 230
61 335
172 340
98 228
195 105
175 305
37 181
406 254
318 230
257 373
365 251
98 270
142 376
351 213
265 411
193 17
291 139
129 327
199 393
239 17
202 252
382 4
224 360
335 221
96 340
173 29
211 311
161 257
247 87
46 400
100 104
130 90
412 376
273 137
372 336
400 372
340 184
42 90
173 293
7 83
373 237
64 188
378 202
35 307
368 160
50 320
313 375
14 174
211 43
209 125
91 409
174 226
303 99
30 364
244 62
92 334
72 140
125 327
94 16
322 228
289 281
275 197
276 286
1 101
97 365
199 119
287 51
235 97
201 337
10 122
328 184
205 141
395 333
93 367
418 378
12 4
29 253
241 111
359 327
161 391
392 206
363 147
74 70
225 91
399 393
202 140
75 297
417 37
151 375
185 247
334 280
391 417
128 406
352 214
202 168
65 271
28 316
136 24
15 67
21 309
165 229
25 365
117 301
212 8
269 33
213 333
169 295
28 348
216 254
137 349
253 337
374 108
336 60
212 372
130 222
313 39
61 143
395 383
155 393
113 43
42 276
118 296
396 278
419 151
107 417
124 272
378 48
212 206
0 356
32 186
250 228
230 186
100 78
268 394
165 77
328 62
401 149
91 121
124 376
96 270
209 265
110 188
154 224
269 67
220 384
315 171
8 252
382 64
132 262
51 267
77 383
171 239
415 275
299 71
341 295
200 76
367 393
232 98
242 282
390 366
366 202
108 164
30 116
160 42
363 57
96 266
271 329
340 68
97 95
46 236
409 401
169 371
416 398
281 189
104 200
209 69
15 333
19 95
234 352
103 323
4 62
192 80
227 211
332 382
15 365
14 78
41 13
42 238
324 36
344 270
154 342
404 372
171 53
263 263
121 347
280 192
200 350
189 71
49 193
78 356
350 106
159 323
218 204
93 251
15 55
131 321
53 281
25 53
2 212
379 271
384 386
261 323
342 214
193 57
51 389
57 37
240 378
268 146
13 247
245 339
98 264
244 142
279 319
324 158
91 65
63 287
402 200
30 206
13 257
128 286
288 292
146 244
73 299
52 248
382 234
230 358
362 296
406 342
419 345
49 115
3 83
349 41
355 91
22 194
96 258
223 109
181 389
287 333
192 396
284 76
66 350
200 220
376 68
205 207
222 272
205 175
13 71
32 250
415 115
245 105
413 213
330 32
357 413
12 382
213 39
382 48
85 81
403 247
94 240
396 84
355 361
219 159
70 322
344 136
177 5
410 318
194 196
101 315
419 39
347 5
212 390
33 403
384 326
272 86
364 180
181 221
1 411
411 125
387 255
84 350
344 370
268 358
183 53
376 318
268 68
360 188
139 403
176 50
211 215
306 158
1 105
45 377
104 262
355 145
1 289
313 259
398 166
12 104
346 356
239 67
249 205
243 343
280 152
334 140
66 204
278 2
252 308
414 240
152 204
78 264
172 10
70 122
332 10
204 258
331 9
238 218
396 178
180 222
278 252
370 22
41 359
228 308
329 31
312 350
187 385
25 195
352 76
129 275
137 99
198 144
183 229
225 389
163 259
191 383
148 78
286 54
28 378
367 71
71 135
142 312
49 357
357 71
400 76
190 344
247 165
247 319
306 392
391 251
38 158
61 21
30 56
42 144
121 215
176 250
271 365
339 319
381 149
354 266
125 207
216 180
22 248
190 140
190 304
104 168
366 166
10 42
137 201
201 271
378 0
231 15
93 75
247 173
160 132
257 61
85 121
196 196
315 41
322 148
245 215
398 174
273 381
262 86
394 372
395 47
302 354
43 125
37 329
158 20
236 288
187 305
31 319
175 149
274 94
142 190
304 256
368 152
186 252
364 358
320 34
260 320
301 277
157 243
315 161
388 358
94 62
86 208
84 218
223 59
317 3
387 275
167 327
382 358
333 17
11 287
55 45
132 212
372 44
149 13
330 298
57 337
364 202
298 122
196 216
6 58
291 405
406 8
298 256
225 181
9 249
86 42
299 115
33 111
270 242
121 33
106 154
277 397
124 388
148 62
366 294
119 181
12 92
330 114
198 12
140 100
314 110
150 216
118 390
67 187
280 302
247 61
241 119
141 275
340 394
0 6
342 338
12 390
62 68
202 366
302 170
58 170
268 174
12 416
235 161
6 186
284 24
125 243
123 171
240 410
109 205
385 361
373 275
236 142
18 36
381 213
49 45
102 122
253 419
117 93
298 342
17 291
401 301
187 201
26 94
387 19
412 350
51 15
258 244
191 283
94 178
385 109
20 42
6 178
229 227
16 310
309 343
175 371
239 221
304 144
229 147
232 78
356 120
358 386
194 256
409 273
203 99
294 220
17 311
6 84
241 349
23 119
130 168
132 124
94 292
224 60
96 166
85 101
153 207
225 143
366 346
306 98
72 270
258 414
7 265
366 362
318 270
293 109
53 235
196 234
172 76
210 84
133 207
0 402
98 312
155 49
279 275
65 169
284 272
212 40
11 269
308 344
9 379
386 216
337 325
209 307
366 248
49 407
375 313
21 341
226 10
335 255
41 39
284 388
80 108
3 113
317 119
304 138
168 196
154 192
26 8
225 399
79 245
91 39
318 342
266 294
40 224
311 135
251 61
58 214
20 240
137 52
190 128
193 196
166 191
147 122
154 107
109 216
158 225
118 111
126 107
61 144
44 137
43 156
60 184
187 38
173 168
203 32
15 138
97 90
238 157
120 185
240 226
216 194
179 78
102 5
73 185
225 44
17 144
73 96
19 162
191 23
121 95
203 92
58 178
94 63
105 231
87 3
170 208
248 73
36 105
44 233
220 90
11 136
200 66
221 141
70 25
122 75
92 84
93 43
88 60
176 239
4 42
55 198
95 106
224 114
160 78
113 21
166 157
44 157
235 93
147 214
108 177
26 199
170 50
11 183
67 119
66 95
86 176
87 86
208 168
125 82
200 198
141 38
19 85
194 227
95 178
158 180
31 194
74 116
19 127
202 203
101 1
203 42
157 152
196 18
100 0
97 86
14 29
156 65
100 135
191 178
182 105
124 5
153 98
99 66
169 213
151 42
75 191
163 136
10 6
74 77
180 28
70 208
94 6
184 205
138 203
160 58
193 226
68 224
36 79
30 171
189 128
110 135
139 150
103 157
145 11
146 218
37 224
150 180
33 113
191 171
32 50
200 199
27 75
53 113
78 176
123 24
55 212
81 62
17 221
87 78
87 172
142 230
112 114
130 195
4 150
177 136
123 43
180 173
158 225
197 87
87 153
174 37
170 229
134 40
105 11
230 82
209 229
56 168
1 204
200 108
7 224
85 91
54 31
13 32
36 43
25 21
19 52
51 20
8 46
33 49
11 41
23 32
22 23
34 41
34 52
34 14
4 45
14 29
41 51
35 29
50 4
38 45
31 46
13 41
29 50
27 37
41 38
35 32
42 51
14 41
21 31
49 24
41 36
15 25
9 6
7 3
8 4
2 3
0 1
2 7
6 4
396 76
309 183
101 263
233 327
263 106
131 241
91 284
13 181
224 266
311 255
343 249
316 211
309 171
271 37
270 326
31 62
131 9
255 252
18 145
94 262
369 326
188 376
133 180
205 145
19 222
10 40
70 386
178 191
388 142
50 305
137 166
37 355
186 179
10 306
115 213
323 1
10 60
91 177
113 75
315 340
3 208
276 147
316 24
37 64
154 125
204 286
107 16
34 117
208 196
199 277
134 21
312 29
230 273
372 170
34 281
307 25
213 243
217 317
204 335
356 245
140 59
115 368
2 6
156 195
292 163
187 159
191 160
229 123
334 232
64 354
254 251
44 110
283 264
230 67
5 11
254 301
348 123
26 6
4 8
12 22
4 10
25 1
0 6
17 13
99 99
24 79
24 15
24 86
24 18
24 75
24 19
24 21
24 55
24 69
24 12
24 59
24 80
24 49
24 95
24 84
24 68
24 10
24 6
24 41
24 91
24 89
24 5
24 85
24 0
24 63
24 56
24 60
24 48
24 58
24 35
24 30
24 11
24 90
24 73
24 33
24 62
24 67
24 97
24 34
24 54
24 78
24 66
24 77
24 50
24 7
24 81
24 39
24 92
24 13
24 36
24 3
24 64
24 74
24 70
24 28
24 40
24 46
24 22
24 53
24 45
24 88
24 94
24 44
24 16
24 25
24 9
24 26
24 61
24 20
24 83
24 4
24 47
24 51
24 71
24 32
24 76
24 8
24 65
24 2
24 31
24 37
24 72
24 43
24 96
24 57
24 42
24 87
24 98
24 93
24 29
24 14
24 17
24 27
24 82
24 24
24 52
24 1
24 38
24 23
236 165
146 24
204 25
20 45
126 29
56 41
128 29
180 26
150 26
44 35
126 17
98 43
114 23
128 40
96 10
66 30
98 5
100 28
112 46
208 26
46 0
18 16
84 7
194 22
96 44
24 30
38 22
36 15
130 33
16 38
116 40
166 25
60 1
90 12
22 32
148 25
134 24
186 23
206 20
120 22
30 47
18 41
2 18
76 0
12 14
72 49
74 17
46 46
132 30
120 31
104 36
24 15
198 20
190 23
140 22
26 31
52 18
6 42
56 13
176 21
36 37
188 30
32 23
42 9
144 28
90 27
68 17
202 29
184 29
66 45
72 25
14 29
94 35
50 11
124 23
28 11
28 40
12 48
160 20
88 0
16 20
50 47
104 7
54 29
102 29
78 26
154 29
192 30
8 28
156 30
130 22
40 15
14 31
26 27
92 38
62 0
134 47
58 0
70 11
164 25
48 21
40 49
158 22
6 0
58 23
86 24
168 22
10 24
20 26
44 16
2 28
84 34
34 10
118 38
110 31
70 47
108 45
136 27
78 37
132 44
22 19
48 27
88 27
64 32
102 19
136 26
76 27
142 23
106 45
30 2
8 29
124 22
74 0
86 23
170 23
62 47
10 47
52 22
92 0
4 18
152 20
68 27
196 21
60 37
162 25
82 12
100 25
64 29
138 29
82 22
182 27
122 41
34 44
178 23
54 46
200 30
80 8
42 43
94 23
32 26
80 48
174 24
172 20
4 47
122 20
38 20
478 871
80 203
462 454
224 197
102 316
402 45
21 77
18 440
348 155
155 50
119 414
253 82
72 195
5 330
265 212
209 0
427 253
18 121
219 68
231 207
37 14
199 254
470 8
223 302
313 285
68 126
193 114
125 416
466 445
125 474
208 278
159 249
37 29
393 283
404 400
234 113
453 432
178 353
115 419
177 405
456 186
340 344
267 67
146 185
75 364
167 470
152 376
341 407
344 304
15 90
130 245
467 257
141 260
41 263
368 400
25 66
43 123
289 55
448 91
443 250
447 123
144 387
298 57
405 351
289 443
174 151
103 56
95 466
224 462
103 438
4 253
223 289
150 216
126 447
123 18
218 3
74 234
104 82
182 31
346 193
298 470
157 238
19 22
194 120
400 329
15 39
108 44
129 218
137 165
50 360
87 214
205 180
330 472
376 50
422 324
128 293
64 195
123 455
210 121
286 370
100 324
48 52
307 85
234 349
413 126
35 88
211 122
288 206
388 55
458 399
249 54
117 116
375 453
139 346
278 166
130 361
275 335
296 348
175 257
157 358
289 327
434 159
403 394
92 457
245 311
160 258
393 55
269 359
83 80
428 70
257 406
65 296
244 257
213 190
388 114
177 265
115 471
190 455
302 378
452 268
199 118
139 51
402 82
474 347
220 261
108 297
88 406
261 204
54 364
424 277
76 92
312 402
111 442
135 314
374 435
40 444
40 113
76 463
288 308
407 442
458 4
328 267
162 92
238 361
267 280
44 264
407 73
267 304
265 433
457 377
94 151
124 132
44 167
32 120
359 257
298 166
440 220
292 304
298 388
375 443
135 80
386 459
331 223
355 342
231 281
140 229
268 428
71 203
438 438
223 187
387 154
193 125
385 476
368 210
288 216
288 441
408 432
449 71
384 44
378 239
370 416
122 298
244 163
149 389
303 440
200 447
71 24
318 316
333 284
88 370
358 417
339 453
281 394
302 232
325 233
283 422
363 94
88 158
352 15
169 307
395 251
97 335
382 373
358 193
164 171
94 105
470 143
6 154
367 138
120 460
89 433
124 73
404 25
86 95
126 17
450 8
383 197
53 364
298 9
338 258
74 77
350 424
394 128
451 94
414 2
347 10
366 44
46 475
5 462
403 464
448 465
109 428
236 435
169 341
26 47
63 444
401 432
259 142
351 174
470 44
218 442
104 458
416 390
279 297
411 33
39 361
246 53
431 393
399 416
166 384
324 390
449 26
182 287
6 66
451 194
376 342
235 368
303 279
203 440
364 441
46 183
435 370
399 142
343 214
210 97
50 259
305 361
240 17
187 473
454 172
441 275
125 310
94 193
331 334
473 187
15 329
75 288
471 275
268 47
428 148
453 381
217 169
437 131
467 241
31 333
345 134
127 434
476 122
151 436
230 446
461 471
364 336
46 380
82 133
333 457
384 146
8 302
267 336
24 86
299 28
350 470
443 293
402 398
81 413
67 163
140 449
228 113
241 352
262 86
476 154
435 321
237 99
39 120
355 224
11 296
442 345
140 230
313 151
209 59
413 309
119 140
247 459
434 390
67 212
359 466
263 388
127 451
317 323
15 414
412 372
109 46
17 296
111 76
401 222
436 345
146 321
23 96
233 343
354 159
89 89
448 346
337 153
144 308
45 384
185 285
371 392
280 222
364 470
150 91
115 423
465 367
273 403
173 127
94 415
326 390
256 278
197 117
471 96
66 112
356 216
156 88
137 268
135 384
83 62
260 401
398 121
172 155
54 255
55 293
236 328
77 374
401 184
176 218
344 37
15 80
13 12
161 469
86 61
12 170
397 361
72 237
238 76
148 2
341 229
65 104
326 125
244 238
116 215
208 264
469 109
70 319
389 257
264 241
419 8
77 137
96 285
326 454
347 349
264 456
322 291
23 386
315 125
390 107
121 93
226 360
139 434
411 136
250 377
269 428
299 241
197 397
296 120
250 43
44 298
252 157
404 115
302 391
46 313
279 89
3 104
82 37
316 326
109 460
205 57
374 198
331 433
75 118
74 48
110 213
329 219
247 453
73 227
186 11
329 183
228 275
62 70
3 279
330 42
74 224
285 167
451 101
142 295
295 265
72 31
123 169
350 246
58 78
160 68
295 167
201 91
195 204
471 307
183 99
3 454
441 108
78 383
256 260
312 352
387 63
345 110
387 210
245 201
211 229
455 88
352 371
11 27
231 382
24 82
233 79
137 372
381 223
70 171
139 199
22 400
302 146
247 235
407 70
233 431
135 202
97 424
77 7
352 44
139 453
145 228
325 342
101 439
365 472
81 272
351 308
253 118
117 313
431 126
72 101
214 387
1 221
45 131
301 469
403 449
419 376
186 312
435 21
224 286
300 246
301 203
166 472
36 377
159 254
284 350
333 318
410 145
170 18
382 420
142 327
59 30
472 269
49 92
367 124
1 72
471 196
328 11
414 294
443 264
273 83
331 349
440 29
303 141
453 333
4 7
378 20
470 445
135 35
344 92
6 215
313 467
178 183
70 0
336 377
439 130
284 230
359 44
148 88
386 314
104 286
57 250
167 226
68 288
356 51
449 146
475 340
196 232
224 363
16 380
87 201
56 98
180 472
92 35
324 203
105 449
176 234
373 433
323 465
165 188
196 338
459 379
85 335
24 220
109 363
396 199
440 475
145 343
144 153
303 212
397 180
357 57
161 408
351 230
75 377
230 380
88 81
332 290
0 421
364 368
458 61
257 474
272 138
365 22
427 374
229 180
235 42
345 443
46 159
268 212
337 85
332 198
428 401
379 0
381 96
91 441
436 471
258 109
290 331
312 476
228 432
332 158
159 148
19 310
98 224
340 17
312 304
1 448
176 124
316 188
67 279
232 147
370 394
71 342
338 69
191 468
325 7
42 423
185 90
48 130
13 418
156 115
185 45
445 114
367 297
275 285
269 310
119 136
132 33
62 420
316 124
192 187
106 213
198 152
370 383
30 120
393 7
351 187
133 182
145 158
193 87
179 262
35 395
369 339
406 370
270 449
56 113
175 28
366 111
323 190
243 359
102 204
6 20
282 265
283 183
182 333
250 40
210 230
116 309
369 319
303 294
474 103
58 224
172 159
302 440
12 159
411 212
413 456
83 233
345 79
263 331
312 292
372 400
364 6
115 377
52 321
126 364
156 105
119 169
305 450
390 329
53 256
394 333
112 214
238 224
13 377
150 226
226 253
96 125
359 157
135 62
335 334
219 19
452 459
452 299
440 110
450 444
312 174
324 458
199 465
430 291
53 276
79 333
207 299
470 83
119 105
468 19
187 8
2 137
423 172
320 209
357 236
245 320
271 158
461 75
450 315
136 3
29 474
122 377
399 326
216 348
209 380
333 260
185 470
93 433
358 281
371 37
448 470
59 288
164 193
167 250
52 403
459 106
446 210
173 382
234 103
302 209
185 460
239 102
396 251
17 471
268 171
293 412
3 278
391 205
135 19
116 120
283 14
139 457
308 302
99 329
390 335
195 123
169 471
454 237
274 24
157 159
113 443
128 289
346 419
225 212
394 383
114 19
36 237
199 80
293 343
362 431
63 336
188 355
460 453
439 123
164 244
331 178
213 159
359 188
339 285
377 200
337 423
241 342
36 298
351 182
272 261
336 62
346 21
477 388
258 408
62 45
389 271
474 91
287 147
159 280
74 248
206 212
86 159
0 192
474 27
162 398
32 346
194 446
199 152
260 405
246 133
43 422
365 136
381 168
215 256
406 298
283 384
355 57
130 66
387 228
51 165
418 326
458 402
291 397
301 408
28 209
372 423
200 364
338 427
409 296
121 461
300 128
365 213
144 458
51 420
340 360
125 372
305 263
161 374
175 97
3 294
43 262
365 275
285 73
72 44
139 175
211 277
271 212
206 191
293 164
351 343
442 276
379 389
25 113
124 335
376 450
407 404
6 447
113 155
249 24
68 21
84 81
123 110
208 102
48 35
25 38
105 42
230 63
90 19
142 77
105 96
78 31
120 42
51 106
62 115
165 91
17 70
42 66
187 73
13 114
37 76
68 93
98 103
24 79
482 482
89 155
89 447
89 165
89 212
89 164
89 112
89 350
89 377
89 102
89 64
89 184
89 337
89 104
89 401
89 272
89 340
89 151
89 149
89 219
89 51
89 405
89 327
89 326
89 303
89 353
89 233
89 269
89 206
89 55
89 139
89 73
89 257
89 168
89 331
89 295
89 137
89 352
89 11
89 49
89 175
89 20
89 66
89 208
89 302
89 28
89 411
89 140
89 203
89 457
89 389
89 424
89 143
89 45
89 232
89 75
89 318
89 138
89 243
89 189
89 156
89 56
89 128
89 438
89 396
89 26
89 413
89 291
89 242
89 96
89 422
89 77
89 221
89 437
89 391
89 365
89 323
89 161
89 249
89 191
89 107
89 144
89 132
89 61
89 25
89 57
89 342
89 398
89 167
89 9
89 397
89 287
89 338
89 222
89 409
89 339
89 237
89 267
89 436
89 182
89 2
89 281
89 300
89 347
89 247
89 6
89 410
89 470
89 417
89 53
89 418
89 381
89 52
89 480
89 456
89 113
89 471
89 357
89 305
89 256
89 384
89 336
89 127
89 118
89 16
89 351
89 134
89 54
89 262
89 158
89 334
89 160
89 188
89 286
89 270
89 294
89 88
89 109
89 440
89 153
89 10
89 23
89 333
89 458
89 173
89 248
89 261
89 224
89 217
89 67
89 378
89 34
89 147
89 277
89 3
89 420
89 91
89 103
89 12
89 360
89 292
89 253
89 299
89 452
89 392
89 296
89 449
89 40
89 289
89 468
89 273
89 36
89 162
89 362
89 121
89 311
89 469
89 200
89 298
89 8
89 310
89 251
89 434
89 13
89 65
89 383
89 142
89 477
89 328
89 157
89 227
89 141
89 83
89 202
89 111
89 126
89 258
89 216
89 209
89 92
89 124
89 423
89 271
89 330
89 467
89 361
89 385
89 412
89 198
89 39
89 15
89 211
89 371
89 74
89 194
89 346
89 238
89 81
89 240
89 229
89 402
89 97
89 41
89 62
89 387
89 199
89 439
89 186
89 293
89 314
89 481
89 464
89 386
89 426
89 50
89 183
89 430
89 152
89 446
89 114
89 400
89 345
89 443
89 358
89 255
89 133
89 461
89 274
89 136
89 48
89 245
89 117
89 408
89 475
89 70
89 135
89 197
89 27
89 369
89 366
89 393
89 364
89 14
89 47
89 435
89 259
89 370
89 21
89 220
89 79
89 279
89 433
89 32
89 131
89 451
89 429
89 309
89 264
89 388
89 367
89 379
89 76
89 35
89 285
89 278
89 58
89 119
89 442
89 204
89 218
89 187
89 159
89 174
89 4
89 33
89 288
89 99
89 177
89 18
89 86
89 116
89 105
89 239
89 46
89 462
89 374
89 390
89 268
89 325
89 450
89 63
89 415
89 207
89 205
89 459
89 265
89 125
89 22
89 306
89 231
89 122
89 332
89 214
89 266
89 90
89 110
89 154
89 196
89 372
89 376
89 230
89 171
89 169
89 71
89 181
89 473
89 368
89 275
89 17
89 406
89 69
89 399
89 319
89 85
89 431
89 282
89 472
89 190
89 226
89 343
89 146
89 448
89 382
89 29
89 320
89 416
89 5
89 428
89 166
89 297
89 7
89 1
89 421
89 335
89 432
89 425
89 163
89 479
89 236
89 348
89 192
89 213
89 444
89 235
89 312
89 460
89 246
89 478
89 179
89 59
89 94
89 355
89 322
89 193
89 31
89 341
89 106
89 313
89 363
89 404
89 201
89 307
89 98
89 419
89 329
89 78
89 380
89 324
89 403
89 123
89 215
89 354
89 170
89 395
89 316
89 129
89 19
89 100
89 276
89 359
89 344
89 441
89 44
89 80
89 228
89 82
89 72
89 280
89 84
89 427
89 0
89 407
89 120
89 101
89 283
89 60
89 210
89 466
89 89
89 315
89 414
89 30
89 95
89 172
89 42
89 349
89 317
89 474
89 244
89 308
89 178
89 375
89 373
89 453
89 356
89 148
89 223
89 321
89 93
89 185
89 145
89 225
89 476
89 252
89 234
89 394
89 445
89 301
89 260
89 43
89 38
89 68
89 24
89 290
89 254
89 176
89 263
89 115
89 284
89 304
89 455
89 195
89 37
89 465
89 463
89 150
89 241
89 180
89 87
89 250
89 108
89 130
89 454
469 1018
239 407
266 391
106 175
412 191
351 44
224 162
432 406
350 436
168 401
30 181
16 88
354 220
344 409
94 143
55 17
395 306
92 132
61 248
218 423
467 145
127 458
83 366
452 433
445 238
418 85
64 303
137 165
27 396
286 10
218 375
204 191
389 387
61 385
317 341
348 189
364 305
252 125
177 201
413 264
177 3
442 87
90 347
204 300
304 60
49 151
384 263
121 29
309 29
416 208
462 194
75 273
256 290
32 254
176 62
217 310
356 31
279 46
110 18
175 275
378 393
235 285
374 303
453 186
10 43
318 231
348 407
95 299
396 208
93 394
61 115
225 33
324 216
306 146
16 62
246 357
174 128
87 222
210 142
171 367
258 398
395 371
271 176
310 398
210 406
394 63
349 13
446 217
259 128
319 151
60 125
116 245
407 30
114 38
167 16
87 346
62 76
187 435
465 426
451 455
312 126
292 79
80 103
431 413
267 152
113 105
251 100
357 336
162 427
375 346
449 256
277 435
205 468
379 317
78 114
388 293
340 293
320 167
427 76
270 76
305 180
192 123
113 195
350 313
98 282
186 272
220 35
282 256
285 73
20 381
411 273
309 240
403 315
205 291
218 354
359 52
74 69
464 215
95 20
12 46
129 201
206 112
362 97
329 301
1 425
53 134
39 318
467 85
240 226
296 366
365 130
134 55
303 175
466 391
358 278
71 25
268 14
451 87
33 24
468 24
238 159
260 322
252 38
361 427
447 29
209 459
61 335
250 246
221 459
289 109
355 307
23 355
158 280
75 446
114 406
334 438
312 387
459 385
89 253
431 433
173 321
352 392
198 28
322 347
387 432
247 197
451 337
131 300
37 193
6 377
422 393
16 234
141 450
204 265
447 367
230 71
93 393
398 82
412 292
282 160
172 139
98 427
152 56
343 376
435 376
203 234
310 318
246 415
347 42
24 377
82 438
209 285
123 432
220 238
193 68
374 246
214 155
234 299
72 347
458 155
432 321
330 30
8 59
91 281
263 444
331 203
188 333
358 84
270 190
378 395
108 98
88 416
332 75
450 458
229 418
399 451
414 89
437 353
40 332
61 2
410 26
338 237
410 463
149 302
118 458
329 169
308 252
99 42
385 366
94 14
70 184
296 318
109 221
151 137
461 301
206 6
230 79
405 404
129 405
302 73
384 308
206 443
362 428
344 20
364 187
263 305
123 100
215 132
371 61
148 432
362 182
376 458
156 148
346 191
199 28
255 459
108 159
268 62
82 386
236 143
167 165
82 396
370 306
134 185
313 61
401 191
441 125
313 353
1 141
182 94
405 150
161 203
279 331
422 20
459 161
303 386
164 421
142 115
229 431
158 341
426 420
30 52
358 365
453 229
243 157
353 209
59 153
67 216
254 261
397 153
373 256
459 53
230 396
144 217
29 150
252 465
393 431
35 415
223 39
292 226
229 244
159 365
192 222
464 438
358 189
233 114
362 169
74 190
187 430
70 33
168 427
148 159
249 263
308 292
364 239
373 153
225 345
290 98
107 192
37 1
101 13
40 134
328 259
285 114
92 128
52 254
405 285
173 284
134 381
437 436
160 348
396 427
98 147
455 330
370 417
192 24
353 86
281 14
265 395
426 103
19 323
271 102
184 467
182 395
431 291
361 328
129 157
44 173
339 227
299 102
337 222
263 115
133 329
298 315
306 317
296 368
418 315
403 330
115 319
460 105
458 430
392 100
408 319
210 257
381 67
89 145
61 194
387 76
127 365
313 82
428 195
280 419
402 72
401 332
397 159
172 304
294 226
140 352
358 452
103 443
13 208
1 449
237 113
35 318
362 352
220 337
158 295
137 252
295 26
462 4
72 103
355 87
103 132
203 452
2 276
149 197
90 309
219 79
227 85
293 137
24 141
198 167
386 6
248 103
243 0
366 388
235 365
465 259
384 329
422 308
332 464
47 189
250 249
71 126
435 205
291 76
396 439
241 117
249 341
245 304
465 170
161 259
20 289
13 231
228 120
194 271
422 297
382 410
324 66
81 181
170 221
167 451
94 468
138 259
369 331
417 361
218 4
12 366
340 83
313 103
343 448
366 466
273 194
144 157
309 19
101 276
215 367
333 149
277 301
92 193
263 361
167 158
409 138
288 369
337 338
444 195
26 383
377 246
135 465
33 14
37 160
202 337
451 202
33 402
307 68
308 122
10 162
197 14
6 322
304 425
149 334
298 91
117 195
398 165
185 78
49 165
407 166
437 45
450 128
167 71
194 104
249 165
316 391
415 71
358 296
183 375
145 374
295 214
99 109
113 33
238 300
102 252
335 260
286 167
309 31
57 108
312 207
374 123
382 213
434 13
396 297
445 221
37 53
57 203
422 378
126 433
354 28
248 333
129 234
225 459
6 391
280 147
298 262
11 429
432 312
394 395
447 324
277 114
153 40
318 440
23 79
105 3
462 321
175 95
359 0
384 399
210 62
201 355
113 439
396 188
240 316
114 48
127 198
395 29
4 339
440 436
193 20
384 228
293 388
11 227
432 57
88 457
63 412
102 295
13 127
164 148
197 111
453 302
340 374
76 238
302 394
146 296
215 95
257 42
276 152
109 464
314 381
195 23
281 369
465 162
230 21
155 234
83 240
30 365
292 360
294 356
439 15
80 84
343 114
460 410
51 326
22 75
436 231
367 18
102 284
133 194
247 82
420 174
221 200
169 66
147 274
330 129
118 65
386 306
468 327
322 362
76 305
274 187
247 237
39 389
184 21
238 19
58 323
249 205
147 270
296 22
364 139
399 309
222 434
65 420
295 363
282 112
148 133
142 375
319 13
380 210
81 397
420 173
233 327
277 80
211 452
468 450
200 19
158 12
278 74
403 18
178 181
214 401
433 345
209 279
319 67
153 454
298 210
278 454
13 456
370 3
305 0
94 390
195 36
241 3
65 58
148 231
309 12
243 395
99 462
2 309
211 42
19 421
438 2
70 156
9 430
228 316
403 439
217 384
128 205
54 266
6 265
193 290
136 464
174 280
395 252
117 341
211 189
51 376
212 45
463 214
395 429
5 430
154 195
88 92
95 438
225 138
202 129
431 240
231 420
292 384
282 305
225 201
421 156
408 408
370 264
154 110
286 86
343 200
290 338
68 14
93 412
8 449
258 444
286 87
11 78
149 416
35 165
345 255
266 326
117 230
217 296
150 248
169 254
403 211
335 138
315 51
389 444
363 49
277 198
184 324
202 115
110 446
311 96
122 393
71 453
457 326
32 172
415 36
330 398
215 178
466 303
450 390
32 161
184 116
322 42
249 84
18 27
465 306
98 5
440 181
153 8
216 252
463 298
138 2
327 381
370 201
1 395
436 57
104 163
354 228
309 157
140 175
351 107
108 387
149 232
83 74
68 212
460 82
391 230
226 446
368 442
253 150
68 143
163 71
325 44
132 356
33 0
181 6
159 228
133 285
437 37
40 94
57 215
23 198
123 287
304 205
75 332
192 269
90 409
266 133
141 444
197 228
291 395
209 235
25 93
2 148
262 27
122 264
406 359
65 30
246 454
23 63
131 83
157 41
387 284
73 176
212 172
382 169
165 27
217 240
166 122
22 151
70 281
132 449
297 286
85 393
175 327
300 252
169 185
315 271
216 296
13 75
90 228
80 49
213 6
161 112
140 155
27 123
326 33
46 284
88 55
100 104
396 458
180 463
197 261
446 267
241 141
135 30
15 372
247 9
162 411
363 415
178 51
356 411
235 422
340 450
359 97
377 201
415 371
257 274
464 194
92 309
30 157
88 388
356 409
204 37
188 99
385 97
347 224
331 118
34 468
213 454
20 361
236 77
298 224
449 307
91 17
363 143
194 389
215 291
388 152
28 340
396 141
358 166
335 344
315 450
444 151
385 288
412 399
161 434
229 372
345 134
187 56
172 380
261 445
327 324
340 324
243 381
451 356
266 376
70 22
12 177
255 376
297 343
246 218
41 63
122 85
355 197
344 370
96 384
158 361
405 306
180 293
187 362
379 115
467 347
381 160
251 149
429 65
355 185
54 48
229 427
37 230
396 357
292 447
377 376
307 214
152 29
146 157
142 362
184 50
144 400
397 273
367 233
176 261
66 13
90 444
175 158
463 165
145 459
322 221
15 202
198 239
118 232
33 153
399 452
292 351
181 41
263 134
364 176
326 110
22 5
262 67
57 388
336 110
194 114
210 190
35 51
30 113
440 342
7 19
424 6
247 313
318 318
58 123
99 248
241 122
327 68
72 225
23 86
182 267
222 321
206 7
203 365
340 221
70 325
108 447
423 139
368 435
364 132
186 290
393 253
263 88
413 236
75 376
325 35
72 194
162 313
453 146
159 73
42 439
131 320
229 403
209 417
90 238
103 221
165 310
224 362
446 94
348 131
122 390
410 161
441 90
446 463
395 219
386 277
73 76
468 180
461 452
329 196
468 298
425 51
238 68
270 235
148 200
85 420
310 110
226 96
168 180
368 100
277 169
44 417
217 393
25 126
158 52
352 212
109 347
199 428
112 155
14 41
389 353
187 338
188 291
333 163
70 213
262 105
209 296
108 199
56 12
394 428
151 8
332 116
173 283
319 108
16 186
197 148
125 229
256 127
251 143
208 157
106 185
268 134
86 66
162 156
134 39
257 159
116 237
218 168
110 66
41 217
150 229
89 67
131 201
70 205
144 204
231 136
61 106
6 218
175 154
26 189
229 145
54 190
200 199
107 110
60 205
185 151
40 58
243 168
23 37
96 190
283 133
203 147
215 169
28 60
119 236
20 233
183 147
240 157
180 174
189 161
265 165
169 237
286 149
238 173
226 131
245 151
75 220
193 151
195 139
99 46
206 214
64 216
30 178
90 199
36 186
235 176
85 243
180 240
128 76
120 55
156 233
176 219
140 208
10 224
166 184
274 139
50 117
172 157
164 132
280 153
33 105
154 59
76 110
169 68
110 198
271 158
222 162
44 216
101 209
214 175
185 230
168 139
80 178
209 151
176 153
51 232
248 157
200 140
190 224
57 51
162 123
16 88
276 170
69 89
261 167
196 245
173 118
7 44
138 47
149 94
160 242
134 227
165 244
125 30
50 102
64 145
10 86
98 64
135 157
133 100
5 1
89 23
20 109
132 61
8 83
93 29
149 41
123 94
100 46
114 59
79 64
112 124
68 62
133 93
120 48
53 50
18 136
34 100
24 52
65 125
38 99
21 23
48 22
59 19
139 41
76 129
32 7
1 37
163 141
144 75
31 42
105 68
104 149
12 129
141 151
120 32
102 11
119 147
158 134
59 59
23 79
126 142
149 49
17 14
103 163
53 62
22 40
122 111
121 144
50 133
148 134
0 8
82 74
26 124
156 98
31 143
2 83
133 32
123 160
38 50
85 57
125 8
88 45
51 126
0 70
55 156
102 72
119 93
158 105
132 73
9 81
158 126
24 150
36 23
114 62
61 9
128 133
159 35
74 47
69 7
41 131
31 149
159 71
89 28
11 50
70 139
82 32
47 141
49 15
37 48
117 62
17 126
15 36
7 20
1 107
0 62
152 82
110 140
138 71
27 138
84 30
48 96
85 99
60 37
109 138
35 38
97 9
88 82
100 130
62 119
151 132
27 139
0 161
45 0
107 143
127 92
131 27
115 102
116 116
13 23
134 51
98 66
64 28
78 95
80 17
19 3
50 58
43 66
103 93
144 111
38 164
142 22
39 121
133 124
111 76
9 146
148 114
124 146
154 164
39 59
54 89
100 155
120 124
152 0
147 22
117 66
61 71
127 35
106 108
8 2
158 13
19 93
22 49
106 53
112 137
136 65
136 130
15 55
11 119
142 26
59 106
72 115
163 134
132 45
95 111
109 27
90 26
38 72
6 156
149 73
150 98
93 4
7 33
73 67
162 3
37 146
101 91
118 146
10 154
133 121
29 32
98 106
74 76
102 63
122 141
52 147
76 105
26 154
155 157
115 111
158 17
58 65
111 123
162 134
35 126
59 38
103 28
127 107
109 133
151 45
31 137
105 93
103 161
150 104
32 17
99 161
96 62
114 109
128 104
141 90
105 128
0 92
40 121
110 88
31 119
75 101
46 132
53 69
157 151
127 31
15 6
163 151
142 152
138 152
158 149
46 84
111 136
134 10
117 150
90 30
9 95
127 8
40 129
61 126
64 146
134 78
87 117
282 282
277 129
277 86
277 64
277 231
277 271
277 77
277 76
277 130
277 10
277 196
277 6
277 199
277 30
277 259
277 187
277 11
277 20
277 247
277 126
277 121
277 242
277 82
277 260
277 132
277 191
277 61
277 152
277 23
277 115
277 219
277 131
277 123
277 245
277 264
277 221
277 62
277 251
277 52
277 122
277 163
277 215
277 111
277 212
277 109
277 279
277 237
277 87
277 24
277 34
277 101
277 276
277 225
277 15
277 53
277 140
277 278
277 235
277 100
277 272
277 73
277 160
277 218
277 254
277 217
277 138
277 188
277 223
277 139
277 174
277 94
277 3
277 142
277 185
277 252
277 68
277 50
277 84
277 204
277 170
277 228
277 59
277 114
277 74
277 75
277 108
277 28
277 133
277 255
277 8
277 78
277 35
277 99
277 256
277 95
277 202
277 184
277 157
277 198
277 189
277 211
277 262
277 38
277 118
277 128
277 79
277 69
277 243
277 274
277 54
277 167
277 103
277 92
277 148
277 216
277 41
277 183
277 162
277 81
277 144
277 270
277 207
277 258
277 134
277 22
277 36
277 179
277 165
277 209
277 1
277 166
277 110
277 70
277 173
277 229
277 222
277 193
277 200
277 40
277 169
277 141
277 190
277 244
277 0
277 269
277 156
277 234
277 58
277 155
277 226
277 106
277 125
277 88
277 80
277 277
277 16
277 181
277 107
277 112
277 273
277 233
277 33
277 197
277 232
277 65
277 194
277 4
277 102
277 85
277 149
277 13
277 249
277 97
277 172
277 246
277 43
277 205
277 89
277 124
277 265
277 32
277 57
277 146
277 164
277 135
277 175
277 186
277 93
277 248
277 159
277 119
277 47
277 192
277 12
277 182
277 9
277 153
277 39
277 136
277 208
277 104
277 66
277 137
277 42
277 117
277 56
277 91
277 266
277 145
277 37
277 210
277 158
277 180
277 5
277 19
277 60
277 26
277 227
277 240
277 49
277 213
277 168
277 201
277 2
277 241
277 96
277 268
277 267
277 178
277 51
277 257
277 236
277 154
277 280
277 238
277 150
277 275
277 44
277 281
277 171
277 25
277 127
277 220
277 176
277 63
277 161
277 203
277 195
277 105
277 55
277 67
277 253
277 46
277 224
277 48
277 21
277 72
277 214
277 45
277 7
277 120
277 29
277 261
277 90
277 113
277 17
277 98
277 206
277 83
277 116
277 239
277 147
277 230
277 18
277 250
277 31
277 177
277 14
277 151
277 143
277 71
277 27
277 263
433 329
320 23
219 85
108 350
314 192
413 317
359 311
319 103
295 17
1 328
61 60
257 217
190 73
120 104
150 410
381 100
0 325
425 169
323 118
4 43
216 124
8 263
36 131
323 189
218 130
409 419
357 95
198 314
70 155
346 145
416 191
144 117
183 185
414 248
22 120
311 235
76 309
23 302
333 422
417 337
223 184
15 169
130 25
244 231
25 367
399 428
351 156
265 343
424 294
383 209
201 249
371 245
302 254
97 316
34 109
247 68
287 71
19 95
189 147
260 6
376 202
205 170
153 203
293 83
328 244
47 62
342 217
166 249
220 91
277 59
308 65
121 341
370 397
283 275
409 183
425 387
84 115
136 374
333 303
205 228
102 369
10 318
62 156
152 162
427 398
349 330
405 255
13 121
210 95
403 103
385 75
136 338
352 251
201 304
208 254
215 322
429 186
425 154
267 392
91 402
276 432
4 416
313 75
63 413
107 300
222 394
117 348
431 183
326 7
96 356
369 35
319 91
93 98
8 420
111 243
334 218
112 307
182 312
428 313
97 107
265 310
24 225
31 68
233 289
57 164
190 205
220 376
278 365
74 339
67 165
351 181
265 423
420 335
66 120
30 160
44 292
289 361
311 388
57 186
312 111
221 310
137 351
367 380
369 251
361 68
396 213
247 367
157 281
66 67
92 77
364 91
169 357
398 84
290 31
132 110
118 229
285 306
376 196
346 67
44 5
391 166
318 305
105 365
294 369
144 167
391 429
46 148
370 60
136 287
58 242
327 153
42 107
386 215
1 64
156 132
376 10
250 274
172 81
272 232
7 120
288 253
293 58
413 310
19 319
268 406
185 57
243 410
29 292
315 254
82 94
348 198
97 96
303 419
80 184
39 103
419 174
40 313
126 205
262 402
255 46
300 190
82 225
206 212
409 86
37 178
49 398
47 256
306 230
335 357
144 28
14 94
381 150
389 311
332 106
350 189
116 264
380 306
264 318
210 361
321 412
195 38
403 93
193 157
380 228
121 205
4 302
89 25
234 284
2 398
317 80
234 247
413 218
372 150
285 282
40 162
51 261
117 394
249 33
232 325
37 127
7 24
359 331
234 239
416 281
110 426
229 48
46 172
59 221
207 241
244 193
325 105
382 245
199 20
168 56
164 191
182 79
349 410
405 142
320 104
341 6
158 274
379 304
155 193
199 44
135 280
91 87
164 79
21 192
29 228
220 349
186 149
402 168
268 105
314 3
79 77
295 362
14 206
432 126
226 397
197 325
38 153
408 211
388 339
224 357
213 111
170 56
322 269
79 408
363 291
12 418
271 344
385 338
279 41
320 145
306 193
159 127
179 140
155 36
167 96
235 261
66 379
215 195
104 16
286 221
307 11
353 10
107 367
394 65
250 145
268 23
386 366
26 272
350 424
337 214
139 36
230 173
228 132
151 277
276 155
422 263
163 309
51 351
416 424
47 326
264 66
299 51
175 124
115 86
183 75
186 2
426 1034
100 218
25 33
156 150
22 356
165 191
180 230
297 237
370 218
162 418
353 191
394 52
292 8
238 88
360 32
70 360
172 406
101 199
133 389
90 264
275 281
199 35
120 224
147 175
79 15
148 300
183 237
425 371
95 205
78 344
321 87
52 384
63 261
156 184
225 419
142 284
247 257
174 398
86 392
235 85
338 362
236 316
296 222
391 209
397 245
215 193
323 67
258 18
251 9
339 141
118 100
339 139
302 76
266 14
152 20
256 282
213 259
340 256
158 210
66 354
190 342
212 416
175 223
34 104
85 115
370 58
126 404
162 138
65 359
82 368
4 336
92 102
216 236
181 339
418 190
4 272
220 88
213 345
360 68
211 171
306 16
95 305
356 144
133 127
298 108
178 418
192 350
153 133
371 73
85 355
209 95
424 110
190 92
286 254
184 368
369 247
48 414
262 108
294 220
178 2
122 170
408 388
195 193
306 94
34 62
358 364
27 317
79 285
259 59
357 383
273 289
95 287
7 31
95 35
396 150
268 120
134 152
212 132
213 335
280 266
144 356
138 240
190 64
303 199
132 356
301 409
52 344
327 265
424 220
111 245
107 279
242 410
54 162
281 421
325 189
380 160
387 41
236 418
22 154
378 178
395 269
401 113
293 157
331 249
103 109
353 141
287 85
13 279
162 374
10 348
174 22
213 379
264 254
322 260
218 210
201 265
419 341
318 46
310 60
76 316
283 313
330 414
321 245
313 327
299 387
400 204
337 337
136 306
202 32
217 125
378 120
45 147
241 399
311 255
222 228
257 153
104 348
312 202
99 303
383 73
147 299
313 39
365 37
140 122
390 212
271 247
92 176
99 231
105 221
24 146
312 318
373 401
265 289
271 235
97 421
53 363
215 1
397 35
65 333
292 180
133 381
328 24
108 118
308 36
17 81
285 231
90 190
1 151
396 318
116 386
46 302
249 283
410 2
150 392
166 6
202 322
371 161
382 244
63 157
328 146
110 410
397 267
323 51
71 25
260 66
55 31
150 12
225 125
381 319
358 4
137 67
138 64
112 388
326 82
353 103
36 110
402 152
280 272
163 425
293 365
305 281
195 91
85 327
387 143
190 346
135 371
349 355
55 3
77 113
302 400
188 26
280 100
116 114
340 190
241 161
75 53
272 182
324 174
78 44
152 258
418 228
315 147
342 8
338 214
393 417
146 356
401 53
187 139
76 138
367 173
283 197
358 404
206 12
386 202
104 56
282 272
25 293
240 400
17 249
106 118
97 163
420 308
357 423
143 375
348 278
201 217
354 168
24 150
21 343
148 100
11 245
37 159
14 60
56 64
120 116
290 378
172 210
372 248
407 143
96 404
2 248
305 253
371 75
147 67
36 156
23 283
143 31
349 131
344 294
58 294
232 412
73 225
129 83
245 321
31 197
276 280
28 158
200 290
418 240
240 162
289 269
105 301
321 81
273 103
92 288
56 312
424 58
366 210
23 403
90 254
282 304
391 197
372 116
59 133
300 416
308 358
153 403
118 54
92 72
146 224
163 161
252 40
324 76
28 256
86 142
114 262
45 387
204 36
310 14
257 183
245 289
274 342
218 228
236 250
298 372
152 26
417 137
115 331
132 346
253 119
204 128
191 421
338 62
218 236
267 423
402 80
279 251
172 192
395 33
60 214
89 381
151 327
280 156
164 230
398 376
168 330
91 279
325 39
380 88
269 99
64 40
105 331
172 258
181 71
278 148
342 28
166 116
234 346
346 170
328 298
312 282
137 149
425 265
346 140
299 311
398 94
143 53
109 269
107 327
368 162
197 383
101 287
94 234
89 151
126 126
50 214
11 51
412 340
308 310
354 90
358 190
107 5
168 402
216 228
52 412
144 158
161 327
43 249
350 306
82 24
170 40
328 168
198 364
351 329
390 118
313 163
407 217
161 17
223 387
59 317
113 123
116 216
199 227
330 290
55 35
355 337
113 375
124 68
105 403
39 325
232 310
298 256
234 212
374 420
56 224
321 287
256 132
127 417
351 149
225 31
246 240
104 318
77 319
285 317
101 417
402 230
29 111
297 317
384 84
188 62
170 346
382 290
422 234
353 89
34 260
35 25
267 373
145 331
2 362
46 214
35 325
388 160
425 423
380 302
136 334
244 58
409 403
417 297
73 397
47 187
46 228
263 213
232 58
201 385
237 231
135 143
14 258
131 299
345 77
211 9
339 51
274 158
403 183
345 253
132 338
15 69
10 282
403 383
114 240
351 29
413 27
26 124
387 155
125 205
66 92
391 383
345 337
376 278
295 151
172 412
179 311
14 24
117 311
186 352
13 307
339 129
423 413
382 28
21 395
316 380
155 175
412 218
67 319
225 225
203 337
373 165
35 77
172 162
104 204
106 134
313 243
389 1
62 66
422 52
122 62
233 423
304 192
92 396
128 320
393 89
347 139
387 325
188 150
235 193
296 348
212 208
230 374
271 411
25 227
223 25
102 154
239 245
257 281
53 389
319 169
17 53
194 292
182 290
359 397
289 79
82 82
111 51
145 107
113 295
122 266
225 71
313 31
261 149
307 419
244 60
420 184
59 283
54 304
14 384
59 327
307 205
68 28
404 366
288 348
384 30
194 368
154 350
368 280
70 254
279 155
280 348
344 304
235 303
162 80
91 201
355 393
406 300
284 232
20 358
142 196
86 400
376 368
144 164
381 275
75 413
321 351
354 54
288 162
39 167
91 301
303 159
242 278
33 237
230 350
207 405
329 303
271 257
146 366
380 334
88 306
197 327
201 347
136 282
54 182
381 133
59 137
55 411
109 179
274 70
364 74
286 26
355 201
331 219
317 267
342 192
265 37
337 267
140 180
271 73
141 95
44 228
292 134
355 155
18 420
347 331
314 178
419 69
285 119
114 370
108 210
124 304
292 220
389 143
363 237
131 285
200 188
234 6
115 235
361 11
339 173
264 192
163 335
411 93
286 422
420 356
40 98
285 281
245 315
196 282
216 32
360 106
155 203
265 25
181 49
173 419
341 109
249 133
120 364
96 202
1 185
187 253
178 406
12 290
76 68
130 124
66 214
232 112
424 270
38 104
257 17
282 376
235 405
414 168
149 329
268 110
138 14
150 186
30 166
415 129
104 326
418 386
291 295
407 401
203 29
150 160
246 96
286 240
219 365
243 21
20 4
172 328
218 62
353 173
155 207
110 196
67 285
405 15
363 131
142 422
350 40
208 374
408 266
410 192
403 83
308 222
97 371
35 413
2 344
405 93
30 136
342 68
266 148
238 96
157 69
44 336
22 354
38 344
305 161
324 242
399 1
120 412
336 414
357 189
265 381
408 28
10 314
311 415
321 237
334 246
193 77
314 84
233 67
247 293
209 149
40 332
312 170
129 303
165 9
70 76
177 399
7 219
97 7
314 128
301 387
119 125
92 172
200 68
244 136
20 318
194 66
169 311
25 363
321 49
403 349
173 285
107 163
23 331
133 243
2 48
274 404
247 283
46 114
166 42
28 260
228 214
345 237
251 19
23 321
252 8
78 234
197 271
153 117
277 3
257 99
95 389
281 167
159 357
224 26
169 21
167 119
148 280
153 135
38 398
414 232
361 33
285 279
325 199
352 260
160 386
221 137
377 3
382 356
180 168
328 42
144 212
308 278
58 26
365 121
388 274
18 342
292 268
159 349
11 359
294 80
36 148
278 380
376 112
204 328
120 94
223 169
184 30
21 105
399 201
71 371
410 196
154 162
165 97
203 9
49 69
4 28
115 135
282 264
318 160
411 345
76 356
298 388
422 260
21 255
188 36
137 165
282 202
352 144
49 59
242 124
321 261
72 394
278 346
269 151
360 286
56 30
318 200
152 350
168 260
416 68
62 264
345 359
193 251
67 175
298 228
120 178
299 381
294 360
265 65
352 202
192 14
167 151
186 388
281 393
102 302
133 115
243 197
205 93
414 412
267 71
46 412
18 190
119 305
233 133
75 401
47 251
51 107
300 34
306 102
94 96
110 132
291 123
298 102
126 212
40 14
26 68
9 293
326 342
5 157
406 114
169 307
415 373
174 132
209 333
400 76
107 299
98 378
425 385
375 81
152 388
99 191
381 149
260 24
314 246
187 131
321 375
323 307
332 128
3 367
56 38
144 38
127 351
261 11
245 171
224 2
7 17
31 411
3 407
313 259
298 362
189 391
122 370
164 158
312 290
111 235
75 153
362 402
273 55
17 205
65 115
23 27
155 301
46 196
195 315
360 250
234 264
416 6
291 317
324 16
120 402
370 66
8 272
125 191
375 23
396 120
137 121
268 80
237 55
242 344
45 57
61 285
372 68
397 101
133 375
229 17
209 425
386 6
271 185
231 107
294 60
70 200
286 298
25 377
245 303
401 301
253 313
132 54
379 335
194 366
84 124
148 412
281 287
377 229
249 127
281 237
300 318
108 12
394 272
222 106
261 399
19 413
248 118
203 383
27 391
249 191
297 73
300 106
199 309
203 223
141 299
324 352
299 345
420 120
393 63
387 137
356 186
235 283
211 259
176 92
391 361
214 416
403 89
53 65
49 373
293 245
234 350
403 335
109 189
50 86
83 173
279 425
264 68
346 282
146 396
151 243
39 145
329 371
262 382
234 76
149 255
120 332
339 97
157 199
178 122
337 273
311 179
462 279
126 137
437 278
68 148
322 20
281 425
256 172
120 281
85 162
37 250
349 403
129 378
447 409
306 139
233 100
212 310
169 199
253 116
322 442
141 37
144 248
210 388
2 314
17 365
385 74
126 25
10 326
388 178
179 117
357 232
328 194
138 194
459 260
125 89
205 4
138 127
336 236
62 49
114 273
162 88
348 248
194 118
4 67
457 359
391 389
354 246
288 157
69 203
286 446
318 254
178 371
247 51
90 142
296 79
438 68
425 38
46 377
410 21
289 305
140 390
48 130
146 144
201 326
203 226
258 104
99 294
26 337
21 319
88 287
239 422
211 188
77 438
216 457
212 380
182 180
135 261
150 296
196 248
14 124
376 30
342 139
85 22
293 406
265 100
430 338
34 311
445 65
4 355
362 441
59 69
154 144
274 210
386 383
344 250
269 248
109 110
245 257
434 284
182 327
29 369
137 447
14 188
84 229
111 75
89 431
218 349
107 188
95 263
300 334
124 5
24 267
211 262
89 388
255 150
142 173
61 282
414 146
61 7
174 5
1 377
454 435
315 26
178 366
251 299
290 268
103 456
331 7
408 94
397 394
183 419
282 5
182 94
411 263
422 137
271 367
271 42
222 379
89 447
61 455
142 84
258 7
428 300
199 254
57 315
195 322
12 403
0 409
285 330
87 225
303 366
196 178
365 456
320 146
275 367
8 18
134 441
117 287
225 334
105 96
375 48
228 231
36 18
52 370
324 205
362 213
26 393
117 89
311 98
212 100
323 140
261 280
95 316
129 81
425 63
71 66
333 227
236 0
390 26
243 81
310 347
448 451
91 390
360 274
414 371
321 388
273 199
167 82
224 43
345 329
14 207
187 165
276 108
281 98
249 432
406 53
202 348
203 172
448 291
73 92
255 423
63 293
188 460
91 368
162 420
390 351
427 307
145 366
191 353
305 79
157 211
310 367
309 424
334 25
394 404
431 357
112 263
313 28
317 178
127 182
455 232
56 438
207 363
203 203
35 162
197 433
342 66
143 403
217 15
291 301
25 430
276 408
253 43
165 151
318 185
113 459
337 380
67 148
277 1
393 327
143 163
265 43
178 138
315 34
330 2
39 441
187 20
135 200
368 355
306 41
399 39
229 141
14 183
224 365
147 69
244 456
43 386
129 239
366 34
315 232
237 428
6 89
459 440
439 129
11 250
14 309
281 297
194 402
256 239
147 182
292 118
453 307
428 292
355 403
410 306
307 226
206 214
325 315
404 342
129 282
0 132
395 395
121 386
121 263
121 99
121 215
121 12
121 195
121 323
121 45
121 208
121 97
121 228
121 7
121 50
121 227
121 150
121 216
121 44
121 354
121 338
121 241
121 2
121 225
121 79
121 290
121 40
121 162
121 174
121 167
121 170
121 121
121 308
121 48
121 105
121 305
121 238
121 371
121 289
121 181
121 256
121 64
121 106
121 372
121 294
121 6
121 193
121 144
121 107
121 183
121 11
121 145
121 127
121 254
121 200
121 137
121 360
121 250
121 90
121 28
121 390
121 60
121 326
121 14
121 58
121 218
121 204
121 293
121 343
121 261
121 309
121 124
121 101
121 214
121 394
121 273
121 311
121 149
121 346
121 373
121 25
121 301
121 283
121 197
121 178
121 297
121 157
121 176
121 102
121 223
121 72
121 298
121 341
121 8
121 284
121 332
121 382
121 186
121 262
121 196
121 173
121 22
121 27
121 123
121 277
121 333
121 337
121 374
121 237
121 130
121 267
121 15
121 224
121 139
121 312
121 235
121 206
121 93
121 172
121 110
121 34
121 291
121 141
121 310
121 177
121 236
121 122
121 153
121 329
121 17
121 230
121 156
121 179
121 330
121 358
121 313
121 147
121 285
121 286
121 282
121 73
121 198
121 118
121 92
121 335
121 38
121 83
121 82
121 138
121 132
121 116
121 276
121 87
121 16
121 47
121 148
121 207
121 361
121 369
121 80
121 13
121 302
121 160
121 202
121 142
121 65
121 31
121 146
121 199
121 244
121 296
121 364
121 104
121 219
121 350
121 9
121 376
121 21
121 53
121 248
121 288
121 378
121 1
121 233
121 319
121 217
121 324
121 126
121 166
121 120
121 264
121 5
121 55
121 271
121 347
121 353
121 317
121 260
121 275
121 75
121 10
121 349
121 180
121 78
121 164
121 151
121 255
121 187
121 33
121 362
121 113
121 249
121 203
121 69
121 245
121 392
121 370
121 367
121 192
121 331
121 19
121 57
121 52
121 131
121 295
121 94
121 134
121 381
121 270
121 77
121 35
121 348
121 232
121 100
121 51
121 159
121 165
121 252
121 128
121 115
121 56
121 54
121 117
121 351
121 152
121 278
121 205
121 212
121 253
121 314
121 114
121 375
121 18
121 239
121 229
121 74
121 81
121 184
121 30
121 140
121 242
121 59
121 359
121 365
121 190
121 393
121 119
121 247
121 327
121 240
121 66
121 299
121 63
121 76
121 279
121 29
121 355
121 89
121 388
121 201
121 272
121 85
121 268
121 265
121 96
121 303
121 39
121 391
121 334
121 385
121 226
121 108
121 155
121 161
121 300
121 258
121 316
121 24
121 26
121 191
121 356
121 143
121 306
121 292
121 71
121 49
121 98
121 112
121 158
121 188
121 91
121 37
121 67
121 257
121 4
121 163
121 129
121 352
121 339
121 363
121 389
121 0
121 380
121 41
121 221
121 182
121 168
121 368
121 315
121 269
121 185
121 342
121 307
121 32
121 318
121 266
121 213
121 109
121 189
121 379
121 222
121 357
121 336
121 322
121 136
121 287
121 383
121 171
121 125
121 43
121 154
121 243
121 251
121 23
121 377
121 281
121 321
121 135
121 259
121 345
121 84
121 304
121 280
121 194
121 46
121 70
121 209
121 133
121 234
121 20
121 210
121 231
121 103
121 328
121 62
121 42
121 344
121 61
121 95
121 86
121 366
121 246
121 68
121 325
121 320
121 3
121 211
121 340
121 175
121 220
121 387
121 384
121 36
121 111
121 169
121 274
121 88
468 256
358 63
0 379
255 178
418 61
169 242
347 113
79 428
99 209
69 232
267 411
251 432
437 203
290 132
128 319
444 391
203 80
428 42
313 184
82 199
195 64
380 2
433 210
9 160
148 80
357 48
107 436
166 346
270 42
21 453
435 411
222 141
271 449
389 145
30 133
184 143
330 131
196 98
127 222
334 305
289 292
393 314
445 249
288 273
58 237
170 267
107 25
280 166
346 185
288 387
444 54
181 340
71 144
199 183
454 344
259 411
125 460
183 94
180 59
458 174
422 305
379 244
92 451
233 271
176 437
437 129
397 206
199 40
207 263
200 306
65 421
365 287
36 360
390 1
187 28
462 408
408 187
49 350
192 119
64 112
352 219
355 109
10 25
313 363
353 151
104 304
433 434
10 360
88 194
254 166
49 20
329 117
46 246
155 343
413 121
127 34
70 140
389 467
348 390
330 201
319 268
33 273
178 260
33 368
136 388
214 349
102 326
104 43
98 246
386 48
116 32
275 270
179 236
332 301
272 300
432 15
125 360
176 180
5 93
58 65
27 312
129 17
133 423
325 95
146 262
422 435
365 130
297 66
354 101
393 294
259 420
461 78
115 104
85 271
460 157
29 172
170 55
27 200
364 118
319 425
246 400
237 358
107 128
97 364
152 68
447 57
253 392
85 443
8 151
262 308
19 377
286 352
135 394
302 68
415 263
316 296
133 75
43 208
32 202
342 360
300 188
382 159
352 337
423 183
186 432
2 304
6 181
318 343
195 222
379 17
429 60
388 164
361 358
379 299
438 38
220 374
41 87
163 29
11 403
41 403
264 338
283 295
282 360
275 325
318 276
49 101
417 163
287 138
466 149
407 388
434 392
336 307
140 193
378 360
310 211
453 383
51 456
454 358
13 441
418 74
195 278
225 206
61 130
300 53
153 386
203 458
111 393
120 105
278 147
123 352
333 27
70 452
229 336
179 54
26 400
169 18
305 377
368 93
466 235
204 33
232 463
62 199
444 431
449 307
338 264
228 291
451 45
187 131
40 281
461 58
160 362
175 46
297 249
103 126
371 441
228 53
411 51
236 149
217 421
162 397
397 369
77 310
209 81
459 407
166 361
224 203
446 333
146 243
103 112
406 33
52 3
96 362
40 307
352 379
314 405
214 281
322 215
122 69
13 79
46 112
23 43
103 19
45 39
41 59
41 89
65 61
115 59
40 12
42 88
14 6
68 10
23 25
13 93
100 6
5 67
97 3
43 19
114 34
42 68
114 68
90 110
36 4
22 22
32 26
52 86
56 48
106 84
121 113
45 93
58 56
98 54
16 92
60 82
89 77
40 54
112 14
56 18
67 93
30 22
35 57
69 13
96 88
53 25
5 109
80 72
3 97
108 6
22 16
58 20
27 17
63 65
66 48
30 86
110 60
25 33
9 53
116 2
77 73
49 51
39 65
58 110
73 109
11 89
7 115
34 110
64 116
13 83
155 209
52 14
86 69
128 31
32 63
1 111
8 68
112 116
52 139
42 30
9 121
60 43
116 146
124 6
22 55
122 45
128 147
2 109
117 123
66 146
29 61
125 120
36 45
138 28
112 112
63 48
137 71
92 33
97 148
46 87
20 62
35 154
108 146
140 127
12 153
142 3
145 40
94 102
137 59
23 36
133 111
147 28
94 130
126 115
103 27
47 18
68 138
113 104
66 125
4 37
18 132
66 150
84 135
32 72
121 20
131 57
108 46
60 49
6 100
112 73
64 60
9 30
92 114
39 87
86 8
152 103
140 68
68 36
62 36
50 96
123 44
47 139
24 100
110 105
103 47
100 141
54 123
144 46
37 45
142 71
73 40
71 83
51 41
36 18
105 138
111 90
85 82
145 88
110 151
95 113
125 27
26 102
18 123
55 113
4 4
110 135
22 119
83 66
87 39
38 133
102 72
119 85
99 123
98 125
102 127
141 52
26 18
67 21
49 106
19 70
144 100
87 84
126 85
83 57
12 67
41 118
138 137
142 76
69 40
77 9
141 43
25 16
4 132
30 31
99 0
69 109
130 32
83 30
129 12
112 125
62 139
60 46
24 31
60 54
114 150
123 14
39 13
0 26
146 73
105 102
140 100
19 133
85 102
26 133
24 154
119 134
60 106
91 54
117 86
77 135
50 25
20 9
134 150
12 96
42 35
126 38
77 0
17 74
149 19
5 72
104 93
110 5
85 95
6 139
107 94
112 35
7 21
41 40
48 145
74 53
77 78
124 123
125 131
71 56
32 45
128 38
100 9
6 96
84 112
115 133
104 104
122 147
151 71
117 104
23 133
67 80
33 140
63 0
57 15
24 138
76 127
5 78
21 0
14 143
27 37
125 128
112 123
39 115
103 13
18 145
85 137
92 154
11 11
142 144
147 139
48 54
34 36
62 69
117 32
66 149
416 936
164 258
140 318
344 250
212 82
131 65
316 276
247 298
2 217
281 176
67 226
273 229
68 317
206 360
71 31
219 32
231 380
395 10
322 98
96 327
260 182
240 260
374 69
19 309
59 11
368 125
402 112
294 173
409 258
237 138
272 310
398 290
350 378
343 370
279 185
239 371
355 199
213 168
231 174
180 117
264 324
141 323
374 123
268 102
207 408
119 212
403 2
131 238
134 139
246 370
11 311
94 19
399 222
8 87
168 35
292 358
191 309
370 95
53 149
95 288
410 256
344 227
125 385
262 322
293 130
134 266
392 347
169 169
386 232
24 391
113 236
263 76
89 11
190 409
132 223
40 32
100 168
380 201
236 90
67 158
300 406
357 97
35 6
327 140
208 138
81 341
171 224
349 360
170 373
14 17
282 326
88 264
294 157
335 141
194 281
5 125
246 216
284 253
381 175
246 299
250 52
309 190
20 198
287 306
28 191
398 1
274 81
8 301
361 173
118 379
87 368
56 353
13 154
307 282
152 197
335 211
306 130
64 5
245 9
273 328
235 239
102 292
333 226
400 134
389 196
104 31
341 79
233 32
361 156
215 402
187 117
262 264
13 277
119 265
126 319
18 77
382 238
356 191
234 354
178 57
192 353
335 213
349 289
195 390
167 399
409 44
278 133
149 402
119 330
247 279
273 332
80 5
288 159
388 297
250 12
234 250
279 206
375 384
341 323
90 368
179 80
167 353
389 358
207 296
356 216
395 266
173 268
219 107
192 314
187 332
82 371
312 172
68 57
323 179
148 170
146 183
190 149
25 47
73 270
60 369
250 53
74 48
250 386
350 390
307 180
264 2
282 354
385 212
397 377
262 31
334 28
155 9
285 310
350 279
314 349
411 125
152 5
133 348
339 61
111 357
374 317
165 184
136 192
149 342
230 227
379 396
209 331
129 249
271 129
57 386
323 190
179 415
382 111
410 387
187 125
197 362
371 195
154 295
386 211
84 174
263 283
77 83
136 397
74 367
255 270
372 291
254 2
173 406
353 53
62 287
103 44
84 353
195 337
221 245
377 200
96 138
374 218
156 298
104 100
67 287
169 208
276 59
243 264
34 405
136 372
309 214
113 344
230 100
346 10
100 359
272 412
376 151
107 338
218 396
382 76
217 24
349 2
168 238
312 112
168 92
351 348
93 83
157 109
130 15
398 78
326 292
238 352
11 57
5 399
266 396
273 237
404 256
237 333
327 354
10 112
306 302
363 129
129 107
255 171
104 295
180 54
17 153
240 238
143 207
295 213
222 392
266 297
276 268
2 68
129 239
76 48
389 99
184 29
28 277
162 257
54 349
114 345
264 363
141 260
15 335
99 8
292 317
399 318
340 152
33 150
257 179
198 70
95 317
171 372
377 40
197 372
309 378
244 144
99 119
401 102
195 57
210 265
12 108
296 392
111 17
143 203
123 264
227 115
109 160
131 189
200 126
345 262
151 318
252 306
396 398
315 71
347 332
358 52
399 397
307 129
33 83
210 307
142 232
170 170
26 317
288 113
269 213
288 290
27 128
67 197
124 391
37 409
253 290
115 179
371 397
360 219
363 91
34 133
341 341
12 345
171 139
207 304
162 398
324 354
32 84
344 5
403 133
32 57
130 328
317 167
280 61
401 357
94 396
175 136
409 156
11 372
126 266
134 77
301 373
170 267
60 407
18 87
301 317
120 399
90 217
174 191
415 97
113 186
51 201
90 317
84 29
125 43
15 97
301 152
405 190
279 361
203 330
305 212
302 293
30 17
246 252
182 222
195 259
134 312
299 285
298 149
372 87
321 222
341 381
86 282
337 304
117 371
89 35
296 219
370 202
33 101
297 334
278 391
72 270
90 331
104 77
385 296
410 388
85 27
47 135
271 14
259 222
322 16
336 347
98 99
209 414
295 16
353 235
199 45
200 69
195 143
328 221
303 245
240 342
71 163
385 268
102 21
398 292
312 99
60 409
197 104
143 213
166 12
238 24
84 374
216 173
128 308
240 219
247 11
383 95
125 285
64 403
313 106
229 72
204 58
210 49
45 111
255 140
337 207
342 250
198 128
288 229
410 216
235 176
250 316
9 356
96 60
353 2
298 66
126 78
172 104
75 72
308 77
295 348
103 205
324 397
199 165
134 318
254 15
196 176
304 61
242 268
223 144
140 172
358 225
190 333
255 337
265 343
363 39
403 221
239 119
367 407
196 30
2 248
329 18
308 51
80 47
6 407
261 105
10 12
246 91
51 401
120 224
303 293
4 316
26 46
93 132
299 363
33 72
142 268
253 146
72 392
389 343
113 228
11 13
127 210
249 291
261 338
363 301
356 161
322 99
249 394
213 310
394 291
101 73
330 30
327 113
137 206
150 32
58 52
390 76
307 173
186 111
180 262
161 129
345 217
135 323
113 231
80 408
22 45
245 131
33 186
227 99
242 148
228 414
92 106
32 138
32 397
108 221
134 288
397 228
195 255
371 216
237 194
33 296
9 365
23 12
211 157
347 244
159 108
171 87
376 277
143 275
129 270
107 11
129 97
258 293
303 322
33 187
142 321
144 238
149 200
132 36
84 367
394 180
233 387
69 220
263 196
11 171
316 98
205 139
118 270
283 199
33 32
296 315
143 295
236 198
24 142
333 392
248 325
91 48
385 262
353 46
400 60
225 350
215 19
294 398
356 196
288 288
171 172
70 138
12 101
75 36
303 213
37 224
151 363
127 355
402 126
384 239
267 196
242 404
91 315
209 39
347 83
149 202
391 118
118 403
234 80
217 232
148 87
358 246
280 92
61 289
254 224
23 154
248 92
303 145
223 99
80 289
136 155
316 230
345 314
90 21
233 291
331 15
248 35
3 213
308 36
180 378
155 237
391 121
270 255
118 292
74 164
246 135
324 2
140 100
246 43
79 125
402 318
11 87
194 266
401 27
172 290
271 58
243 240
240 130
253 249
57 259
252 46
365 125
60 123
38 90
349 229
373 190
322 115
202 271
398 339
192 231
169 387
274 362
137 6
23 236
378 364
243 299
262 65
199 158
350 55
78 415
60 261
265 248
142 374
21 102
37 181
261 259
0 291
231 290
5 298
150 353
63 154
266 120
142 203
258 247
221 190
274 88
381 138
348 412
302 269
44 198
289 316
413 395
103 365
67 267
244 400
156 155
244 312
191 352
99 410
301 1
252 172
94 347
272 170
368 326
74 382
52 383
190 301
306 231
68 199
110 172
136 79
176 211
257 241
372 343
148 207
203 381
235 388
129 349
389 84
186 84
176 322
58 263
394 153
29 341
343 44
351 110
405 257
33 177
100 198
125 404
299 112
367 188
177 195
365 177
147 83
371 297
173 46
42 47
402 69
384 215
186 115
246 137
379 266
147 167
260 391
144 2
55 408
108 344
408 309
350 12
279 391
395 399
221 182
260 213
92 236
148 39
143 139
324 249
137 64
214 311
380 57
67 133
0 203
101 115
242 195
182 350
402 409
345 292
374 217
242 13
320 28
103 320
229 23
0 178
292 303
14 218
242 184
312 64
333 378
270 245
241 413
257 382
394 266
80 256
84 368
210 243
342 293
38 224
152 323
145 57
413 379
215 311
294 81
179 57
130 144
338 404
410 127
415 74
126 283
125 219
278 139
370 45
232 161
28 33
66 197
252 91
287 232
303 300
24 66
267 12
122 305
315 357
201 32
412 308
300 280
127 394
233 289
344 164
394 371
158 8
335 62
36 242
178 315
408 261
219 310
61 88
66 159
187 192
305 304
189 51
315 335
415 207
308 177
305 324
389 318
238 409
305 121
192 93
217 4
277 191
15 320
238 177
28 11
55 364
131 356
71 194
177 62
115 403
48 7
255 246
346 226
206 85
318 163
368 381
371 304
240 249
219 295
144 244
22 19
281 360
189 178
117 94
326 242
40 84
226 346
239 2
283 198
241 122
71 19
174 175
167 45
103 227
279 133
253 388
78 107
53 137
168 32
270 130
61 125
209 324
193 168
22 17
38 137
274 4
133 195
27 72
150 233
190 300
406 55
25 195
258 205
250 293
319 368
351 25
101 4
272 378
51 0
318 260
360 305
212 18
41 54
48 87
184 332
37 352
53 17
22 92
17 337
255 222
320 67
50 183
358 87
306 135
132 294
134 308
297 151
150 364
226 31
126 410
296 140
32 154
142 413
343 65
56 58
44 227
210 258
239 98
122 302
156 117
176 88
70 105
29 151
137 158
104 158
136 146
33 110
124 165
3 138
86 151
137 149
39 39
145 83
14 73
140 23
174 8
110 37
160 54
92 105
2 170
35 154
60 79
56 48
52 158
120 4
159 27
129 175
95 174
148 24
96 103
49 140
171 100
111 33
126 135
14 163
26 26
35 108
145 102
61 125
67 65
125 10
140 40
1 95
132 102
35 68
41 51
28 113
43 23
25 166
56 93
48 13
174 82
142 128
8 134
72 125
142 71
34 9
148 33
30 33
159 47
112 2
14 50
110 132
159 46
87 83
3 1
114 132
129 165
37 98
99 21
90 139
24 160
58 59
122 77
144 170
146 92
73 159
35 14
63 30
97 117
73 2
29 56
38 69
131 127
27 72
72 43
121 55
143 102
127 41
201 58
168 195
161 27
171 139
37 57
34 61
144 92
9 184
103 179
58 49
9 66
128 178
92 46
69 82
12 161
88 70
196 21
35 7
180 20
94 170
70 31
135 15
63 0
15 184
200 62
161 148
116 194
123 84
172 35
171 63
36 35
18 77
29 13
199 168
142 92
178 44
136 131
150 50
161 139
179 181
96 178
101 46
178 194
60 80
192 20
185 73
35 40
47 16
32 18
154 59
21 196
7 51
160 14
139 162
47 69
160 37
102 147
48 196
31 126
262 549
186 222
219 117
234 134
236 100
34 216
149 185
73 191
122 132
179 149
8 242
172 70
108 80
136 60
246 120
14 16
120 172
137 131
141 53
236 68
53 65
239 221
106 230
176 130
171 187
221 95
244 102
236 0
10 246
177 157
32 238
184 186
47 49
160 84
40 18
209 183
242 94
234 192
55 203
93 89
192 192
102 110
149 199
189 55
187 107
239 67
106 228
210 176
161 185
165 181
22 220
6 214
250 216
120 6
55 133
16 94
254 114
18 258
11 143
156 64
176 150
218 102
125 103
45 243
19 73
10 72
51 93
102 206
65 113
224 50
115 243
99 187
92 6
149 223
227 51
125 149
88 178
39 41
223 179
213 213
15 261
90 66
126 100
78 258
103 207
165 51
183 103
118 176
93 183
24 114
60 48
1 225
145 59
147 43
145 241
223 3
55 39
238 52
134 194
148 120
88 106
240 110
180 8
259 131
216 64
197 37
211 29
34 124
231 167
127 175
106 52
106 178
131 81
47 127
107 139
21 37
130 214
14 168
122 246
238 250
166 206
79 157
41 199
167 93
41 157
145 33
249 79
212 68
233 175
173 111
127 87
203 195
4 222
139 217
120 24
229 45
193 117
220 34
186 212
68 172
3 1
72 168
1 7
85 165
63 39
165 193
55 91
76 190
199 209
37 155
89 33
17 81
31 51
223 225
66 104
168 158
206 94
109 175
247 157
14 232
9 165
14 74
71 213
148 202
141 225
261 253
71 249
149 49
187 207
124 38
236 54
203 219
158 166
64 44
27 175
155 29
206 76
52 48
68 18
36 106
22 204
115 83
124 202
229 35
66 18
75 25
39 123
187 203
132 228
11 129
200 230
144 146
202 258
19 181
92 114
191 77
4 202
140 140
82 26
182 164
169 117
123 191
59 83
176 102
112 48
10 226
7 51
197 49
187 179
45 173
210 6
162 0
5 75
183 181
98 34
187 191
100 112
150 132
7 183
28 126
39 165
180 260
107 103
141 243
1 191
203 53
52 252
107 75
105 219
83 167
193 233
132 72
193 109
127 19
109 119
5 171
126 64
229 59
67 115
197 103
176 134
7 121
31 49
135 201
132 100
118 72
239 169
138 216
99 199
237 211
191 65
199 177
73 205
235 203
137 191
36 68
219 201
42 196
131 127
238 240
212 242
8 140
92 158
152 16
136 124
206 24
188 84
241 199
121 45
84 184
56 220
29 175
131 85
102 32
42 180
174 112
43 205
63 157
27 87
196 146
116 40
100 106
99 147
178 136
148 130
101 93
174 210
221 17
92 62
126 226
146 116
57 115
5 189
217 131
223 147
58 38
210 92
153 131
156 252
69 247
106 6
11 259
184 130
231 143
192 128
184 22
186 68
64 110
51 173
104 152
81 229
7 149
77 259
249 199
214 120
7 81
111 67
145 89
254 122
128 218
62 86
109 131
134 172
204 14
204 126
164 164
172 182
179 259
33 255
261 17
109 109
221 223
118 132
106 152
230 26
55 231
237 103
30 206
227 35
239 159
88 250
91 221
80 160
76 164
215 171
92 234
33 51
99 155
181 159
128 202
196 98
86 206
102 48
56 118
148 154
100 90
46 160
181 105
257 31
65 127
51 49
102 102
7 165
0 58
221 57
207 83
218 106
7 239
45 121
123 39
57 87
209 171
131 173
10 184
74 104
105 227
218 220
15 251
82 258
71 247
82 260
85 9
27 161
202 190
211 159
196 94
22 228
38 26
193 237
38 194
147 11
229 85
212 174
205 187
203 137
201 135
141 89
220 178
133 199
20 244
199 119
49 61
192 2
226 96
170 84
226 32
41 69
251 91
96 68
76 70
19 157
12 74
261 221
235 179
207 185
104 256
81 227
104 212
245 137
72 42
20 192
259 239
115 187
122 32
93 19
137 25
92 246
199 71
192 216
236 134
231 261
188 192
248 56
8 112
237 197
215 169
136 76
20 12
10 178
95 21
6 200
244 26
114 18
200 20
34 236
71 67
124 176
11 195
255 231
236 176
168 58
53 137
81 161
29 9
230 138
23 91
34 218
172 178
136 160
206 96
159 255
27 179
247 187
224 46
84 72
182 52
83 119
166 214
117 15
140 150
242 48
253 89
138 0
249 19
82 244
71 203
35 59
201 133
131 119
57 13
165 187
166 118
52 164
229 73
160 210
126 244
104 202
243 139
130 206
226 18
157 131
51 129
20 40
147 103
107 159
16 54
48 116
140 246
201 201
208 234
254 212
215 151
10 102
170 188
173 73
49 253
136 34
58 26
87 187
97 221
102 30
250 114
198 130
41 107
130 92
62 134
96 88
115 149
188 180
202 252
195 113
190 18
219 95
106 90
45 157
152 118
207 61
75 137
142 228
155 211
60 252
117 175
39 213
220 218
83 121
222 22
192 66
203 55
65 209
199 49
49 129
108 100
259 241
165 155
30 216
37 111
224 40
164 50
49 249
108 174
455 875
119 195
334 69
198 55
92 320
255 299
400 307
64 383
387 35
292 52
156 359
69 452
219 161
253 400
8 264
319 356
18 366
28 202
73 363
144 203
43 321
203 172
268 346
226 140
71 125
130 45
286 284
180 180
208 93
440 41
449 121
75 414
269 6
407 221
305 452
61 182
442 405
412 52
315 415
270 206
424 254
173 142
268 279
64 80
139 0
400 447
60 156
142 129
212 424
445 434
257 27
231 286
171 39
197 440
149 343
88 202
249 140
172 272
412 61
327 321
23 242
372 68
35 112
363 416
210 50
452 259
237 66
209 397
354 195
376 290
250 51
42 92
235 125
362 287
217 167
19 38
418 204
66 289
215 192
41 59
155 373
373 390
400 336
163 346
137 122
42 433
115 188
241 158
415 345
211 264
276 84
213 285
377 402
214 125
180 37
44 317
257 36
148 206
106 314
353 440
157 240
147 348
78 175
353 330
453 50
54 98
115 174
191 55
21 32
380 42
424 366
40 136
222 378
367 99
262 238
176 240
129 47
46 284
40 25
350 67
409 32
305 133
94 282
405 408
158 125
69 54
345 343
8 49
434 204
430 293
120 321
142 66
68 157
213 54
218 30
72 447
66 280
268 256
121 115
99 128
320 343
249 378
41 46
28 73
18 115
330 348
347 408
146 418
228 249
246 366
140 174
179 285
253 22
246 97
402 191
188 283
445 256
232 346
128 210
180 418
312 126
64 259
153 218
160 308
49 412
315 69
389 224
309 316
438 303
233 290
199 453
224 15
71 202
74 233
428 196
336 350
186 321
113 162
36 169
291 278
409 398
355 61
166 296
120 186
183 36
348 176
95 265
126 77
337 88
170 329
436 247
36 416
355 74
161 264
233 242
425 391
136 45
0 171
38 25
433 411
427 357
231 311
393 214
446 4
430 210
118 202
82 329
427 262
158 450
52 268
190 330
343 275
368 321
11 422
18 319
197 194
345 148
88 314
106 447
193 132
322 230
153 375
63 372
38 302
365 449
140 272
412 269
155 428
307 65
109 241
36 441
246 84
329 154
425 146
298 60
190 260
422 384
211 408
61 6
296 52
197 365
80 172
370 385
233 168
142 339
128 233
31 277
301 123
160 387
361 244
52 439
302 397
356 58
9 357
143 55
283 28
242 63
316 329
279 187
142 68
96 141
89 420
376 202
334 104
227 203
53 39
247 130
449 273
202 402
412 245
282 45
240 278
278 353
55 220
146 385
447 69
309 33
326 95
153 442
50 425
26 400
337 190
318 181
343 334
184 62
326 0
197 431
4 186
22 326
177 349
196 161
293 316
150 175
75 409
160 66
167 248
411 401
88 390
137 166
131 388
162 157
334 28
142 138
208 312
126 162
199 352
198 265
264 2
355 32
182 284
249 30
324 151
314 453
140 227
205 265
396 367
317 169
266 320
43 362
422 294
21 232
379 418
210 298
296 397
252 13
131 78
324 407
74 135
141 20
71 431
101 348
228 207
149 49
43 359
120 66
140 340
66 103
352 373
99 355
77 284
313 183
263 60
402 150
100 419
399 121
119 198
237 167
67 300
10 243
286 95
33 254
417 75
194 21
78 322
218 383
249 279
63 62
124 370
97 325
32 127
250 5
320 261
128 1
100 36
265 250
392 286
312 419
277 135
429 32
281 43
36 250
144 0
314 133
425 28
251 439
95 414
118 72
318 55
394 368
94 395
58 328
420 262
389 110
371 285
327 174
38 406
412 401
88 433
25 191
29 159
111 415
294 339
86 335
150 57
197 366
188 177
66 188
286 0
114 419
66 44
74 369
444 110
233 446
225 72
80 249
330 142
429 298
349 187
152 80
454 236
371 452
281 192
182 351
363 220
125 311
14 367
18 413
238 325
315 345
153 134
356 304
64 90
25 444
443 132
251 29
307 220
428 265
68 169
345 322
61 39
79 366
447 145
125 200
349 165
121 284
105 406
431 170
401 386
350 238
134 124
187 167
368 437
330 287
205 20
200 191
393 2
175 323
151 277
119 200
293 414
214 304
339 88
91 112
261 158
188 189
84 447
252 85
410 273
159 416
7 249
87 232
314 36
286 394
125 245
425 366
300 215
117 45
310 212
428 373
308 47
144 371
452 224
163 296
373 395
146 137
196 350
289 82
287 374
313 87
411 214
317 200
402 340
387 51
401 356
35 137
8 374
227 353
140 268
118 372
131 25
70 30
24 345
382 429
317 350
324 110
60 385
6 408
422 171
422 71
135 373
450 236
425 314
7 329
215 245
11 120
453 5
127 413
54 222
31 101
70 298
138 313
423 115
444 245
134 134
305 102
164 189
215 52
25 404
359 194
143 423
429 340
431 243
420 11
155 378
162 18
208 386
391 268
195 326
81 190
276 254
355 95
403 126
262 13
255 36
201 114
374 324
280 35
139 253
426 77
215 451
392 22
46 432
32 449
246 288
29 332
53 221
173 91
291 50
225 385
325 305
66 87
442 47
37 358
197 187
82 322
189 150
42 307
313 178
346 7
155 294
36 368
288 2
76 405
356 409
345 125
446 280
99 143
356 249
31 197
327 209
18 316
231 446
97 376
440 179
369 280
121 148
395 371
84 238
284 144
146 277
87 284
278 72
273 44
357 28
366 169
140 277
145 193
219 249
442 400
214 384
103 323
294 393
408 212
138 54
92 203
389 211
389 303
369 150
312 312
62 279
424 394
208 120
396 139
123 279
360 23
354 147
358 203
366 267
330 252
282 15
273 47
215 177
176 200
343 10
84 178
76 232
271 230
205 269
280 120
202 79
361 435
363 126
257 225
211 100
442 228
19 129
79 11
27 270
82 101
264 110
427 87
83 312
334 366
294 407
315 223
184 323
171 306
205 22
301 358
372 300
60 119
390 165
46 41
7 274
213 338
389 280
44 285
150 205
199 238
131 148
45 137
290 345
213 85
199 105
144 287
169 159
89 63
217 387
371 70
421 118
6 304
312 96
374 430
128 277
158 386
239 309
323 210
211 129
337 121
71 98
381 153
382 349
21 356
274 369
132 176
432 128
189 405
338 209
48 146
2 329
293 158
407 278
291 112
160 26
174 179
364 96
353 190
301 445
301 202
375 77
177 97
347 181
333 219
68 339
263 409
408 120
394 254
202 211
52 303
344 28
201 443
19 336
345 155
259 37
95 267
411 97
203 305
177 298
311 172
252 173
92 284
374 123
143 64
439 36
242 360
90 9
274 296
178 105
296 152
109 235
45 241
307 174
85 58
379 451
324 184
399 155
411 191
49 111
214 180
288 16
238 285
205 114
216 83
148 66
439 58
308 163
59 403
13 343
413 278
420 435
310 356
233 281
248 147
193 179
226 354
277 15
124 221
333 24
331 234
339 295
67 140
426 78
302 133
213 315
142 322
432 403
442 20
190 275
430 45
30 216
436 187
39 419
66 61
29 278
120 68
331 342
82 173
20 208
200 314
66 60
222 266
436 408
45 109
161 173
71 376
265 355
208 136
360 1
218 408
22 264
191 316
429 218
245 91
356 287
344 74
175 4
357 293
172 392
369 376
136 1
450 194
43 31
133 14
43 189
189 238
372 275
37 394
426 286
305 191
127 163
331 289
43 52
379 76
265 30
404 341
160 10
230 452
322 431
371 71
118 366
215 250
362 347
204 224
178 353
186 49
267 14
119 282
161 335
402 199
244 181
123 260
232 210
409 336
124 314
28 309
93 369
227 280
180 404
199 348
77 144
136 399
315 388
421 205
76 126
346 269
93 309
85 18
164 402
415 409
252 91
89 175
167 27
208 26
373 185
281 20
45 382
307 293
275 204
262 220
198 281
38 58
377 251
402 96
131 321
54 307
226 216
192 223
198 125
172 213
147 137
1 196
85 427
262 288
437 223
405 10
49 418
302 407
434 71
14 79
415 256
370 276
431 257
419 397
180 389
334 223
383 363
253 375
186 73
245 152
87 216
22 70
237 184
149 192
176 22
145 96
160 19
14 185
140 244
76 233
149 108
59 57
168 237
194 103
97 237
188 231
159 166
174 171
24 108
167 72
61 127
93 67
0 2
177 188
171 46
68 44
123 203
127 239
236 89
95 162
45 154
118 72
191 179
7 127
94 32
87 3
126 161
79 40
126 97
194 64
181 4
15 196
3 37
200 103
93 48
88 108
234 173
97 92
131 82
31 136
40 220
167 176
42 42
222 74
85 112
172 61
179 77
122 212
107 110
92 57
71 137
41 29
31 194
118 10
238 201
157 22
187 191
37 187
149 251
49 185
47 8
69 195
101 184
98 179
215 150
245 227
22 103
139 153
228 128
135 229
3 189
159 248
4 147
250 68
26 29
195 51
81 15
239 18
91 165
72 224
0 133
216 151
185 231
70 62
207 250
19 203
100 124
195 123
116 94
243 47
1 82
28 159
37 210
228 200
108 246
71 145
162 239
69 147
124 237
2 78
47 228
123 75
166 220
168 173
177 139
156 157
34 74
26 185
21 186
229 35
171 182
204 213
1 166
176 16
95 134
127 236
201 167
12 161
104 122
0 104
200 123
29 251
197 77
215 1
42 224
230 127
139 37
153 166
204 207
198 97
41 67
33 146
54 61
113 229
178 145
85 161
39 234
151 47
246 59
64 87
233 52
79 81
215 192
104 120
44 54
83 61
83 77
116 211
175 223
246 25
29 234
122 192
250 248
90 91
61 247
56 135
82 45
140 50
229 163
245 65
84 144
79 228
224 54
11 18
174 179
49 198
104 189
166 105
3 228
141 229
1 145
154 93
66 165
228 213
67 104
212 65
146 165
55 227
246 136
172 175
99 4
120 238
178 235
34 119
22 233
58 247
161 13
93 56
216 22
206 59
1 219
232 98
132 172
190 125
36 118
156 225
158 88
24 3
29 116
224 86
165 134
114 11
3 156
42 26
45 145
2 37
241 38
115 208
227 189
99 246
109 30
34 172
99 230
85 19
43 172
183 70
206 160
108 101
168 84
105 35
105 170
148 135
80 1
104 215
172 125
82 174
52 61
100 25
236 80
135 108
62 28
150 226
175 26
207 96
55 29
206 42
247 166
212 4
150 154
18 122
54 106
136 226
252 161
19 141
52 105
211 32
115 180
28 202
85 163
193 173
198 3
41 171
10 146
146 47
120 122
65 90
88 210
183 159
83 120
219 97
230 220
15 235
199 250
119 6
31 51
139 60
216 64
83 219
25 164
100 72
139 246
58 251
74 187
30 68
2 205
46 167
239 43
230 32
184 43
182 245
0 142
229 43
89 18
11 208
239 17
48 87
218 21
81 200
121 23
126 244
160 115
235 77
225 27
141 156
199 25
140 248
243 16
161 119
132 113
176 63
37 168
159 237
77 209
63 185
172 148
109 69
83 249
35 155
75 175
173 35
85 187
40 160
2 99
240 188
44 189
193 213
130 54
85 98
206 113
132 151
159 135
171 52
21 218
63 147
42 35
105 3
138 146
76 89
143 57
24 227
57 200
213 64
212 51
86 203
9 187
117 23
135 31
230 110
168 35
121 96
103 222
69 56
169 83
1 233
85 124
146 171
111 70
184 19
213 150
102 130
30 234
44 152
41 31
220 45
50 209
241 235
242 204
45 102
152 229
6 91
165 181
240 75
123 250
181 181
70 72
70 166
70 137
70 111
70 131
70 154
70 63
70 58
70 132
70 115
70 82
70 157
70 159
70 98
70 71
70 109
70 80
70 67
70 4
70 129
70 62
70 85
70 100
70 102
70 155
70 64
70 142
70 130
70 150
70 9
70 1
70 89
70 99
70 140
70 44
70 7
70 95
70 116
70 73
70 121
70 93
70 76
70 66
70 27
70 40
70 88
70 92
70 161
70 174
70 138
70 45
70 178
70 176
70 3
70 106
70 54
70 170
70 28
70 146
70 173
70 145
70 25
70 104
70 34
70 47
70 163
70 2
70 12
70 84
70 53
70 152
70 125
70 26
70 38
70 51
70 171
70 61
70 33
70 108
70 117
70 70
70 180
70 87
70 175
70 10
70 153
70 77
70 57
70 143
70 39
70 13
70 112
70 91
70 30
70 21
70 120
70 133
70 37
70 81
70 172
70 103
70 79
70 126
70 19
70 107
70 147
70 48
70 123
70 158
70 86
70 122
70 50
70 110
70 15
70 83
70 162
70 151
70 52
70 11
70 149
70 18
70 20
70 35
70 42
70 169
70 32
70 16
70 118
70 141
70 156
70 29
70 135
70 179
70 75
70 113
70 49
70 148
70 177
70 46
70 65
70 101
70 55
70 167
70 168
70 14
70 36
70 74
70 23
70 43
70 8
70 56
70 0
70 139
70 78
70 114
70 165
70 5
70 97
70 127
70 22
70 144
70 60
70 124
70 164
70 105
70 31
70 94
70 17
70 119
70 134
70 69
70 41
70 59
70 128
70 160
70 136
70 96
70 6
70 90
70 24
70 68
86 47
34 64
32 25
28 4
7 30
69 14
72 14
20 40
14 17
73 0
14 36
68 76
5 2
17 11
74 61
38 58
43 67
58 65
50 10
11 60
18 15
66 70
78 74
21 51
41 25
74 75
18 35
75 15
55 4
71 40
70 65
43 55
41 76
20 34
78 28
38 17
54 24
7 63
32 5
7 3
12 35
47 61
19 35
25 6
38 47
79 75
81 77
20 23
318 425
190 240
268 267
82 58
178 283
6 209
231 71
277 260
39 303
309 182
128 233
278 19
149 180
217 151
96 65
186 130
35 38
112 121
63 285
15 190
28 281
223 108
84 282
146 155
285 203
301 153
65 201
0 223
109 138
115 39
274 314
308 250
8 265
255 17
168 273
282 62
251 120
29 141
30 155
207 29
291 62
55 249
237 186
223 170
107 41
180 304
245 1
109 214
242 137
249 108
9 243
83 133
13 103
39 39
175 300
42 94
100 223
256 32
61 315
109 17
243 99
303 36
118 99
177 197
86 264
28 259
35 151
232 152
18 275
113 317
175 280
73 72
0 146
93 185
49 44
3 11
6 240
298 253
111 23
279 298
178 22
198 51
314 76
145 282
291 255
106 186
89 310
48 154
133 107
207 9
71 85
225 212
75 109
48 79
126 230
166 297
169 214
118 114
48 175
143 195
286 207
276 152
259 115
34 64
177 298
173 59
293 278
137 275
217 190
130 57
265 104
193 195
213 174
6 288
23 97
92 71
154 60
155 139
12 315
112 187
317 288
257 24
31 82
110 71
29 193
160 27
18 180
136 49
110 211
283 236
107 310
307 10
5 294
143 213
177 267
134 190
142 201
309 228
75 210
19 275
10 60
98 306
68 286
121 168
26 160
192 271
292 148
162 239
58 21
287 26
216 254
8 250
144 203
1 280
48 47
280 51
143 199
140 255
20 105
238 271
105 137
268 282
251 183
177 287
141 77
132 102
198 181
219 198
30 175
290 116
35 146
47 117
99 288
90 26
199 21
159 268
215 282
71 307
102 291
161 236
280 174
44 263
206 53
89 149
216 275
82 100
34 230
3 155
179 164
148 263
133 44
173 168
145 218
289 303
305 111
61 231
175 252
266 212
165 189
9 138
208 34
279 105
310 147
83 310
63 86
96 208
99 217
264 14
55 0
135 294
73 84
303 132
40 36
264 298
167 109
8 17
53 255
185 273
189 201
224 136
143 196
217 13
138 138
189 308
256 67
268 254
123 79
209 19
53 312
124 103
90 0
146 121
168 102
160 190
220 55
14 93
126 84
38 152
124 23
125 217
67 160
289 159
106 110
176 285
71 187
172 11
288 133
206 96
8 91
212 182
108 85
27 134
155 296
275 156
188 88
55 294
233 172
295 81
14 199
258 214
63 82
194 288
209 167
125 24
254 216
189 272
308 308
219 277
301 185
31 200
268 131
253 187
64 288
210 83
41 203
45 118
158 20
243 137
292 112
129 309
215 248
114 175
140 103
12 169
291 279
121 221
1 188
83 272
100 179
155 173
157 8
33 138
243 267
43 209
270 315
152 260
153 231
129 37
141 88
285 177
91 116
78 162
299 33
17 102
197 49
12 214
244 143
147 246
17 2
92 7
162 122
125 5
262 40
94 202
191 135
78 133
78 207
299 101
11 115
46 45
175 138
201 37
261 69
127 134
278 159
74 136
300 193
90 266
71 148
26 170
52 201
206 92
23 113
37 293
213 281
299 115
280 296
315 307
34 256
301 120
18 136
98 304
171 299
317 238
6 101
269 188
81 264
59 63
203 268
186 179
15 182
297 274
14 224
10 285
284 84
229 41
193 302
120 19
246 8
53 35
295 280
166 232
85 291
203 91
20 240
212 88
144 209
151 155
111 289
258 237
135 238
139 165
28 124
211 16
68 20
14 205
65 139
76 209
181 89
29 127
306 229
30 102
296 313
290 178
8 187
91 67
21 307
214 78
133 264
108 217
259 219
21 22
197 172
247 315
227 254
232 223
40 24
124 212
303 30
181 141
123 290
166 165
22 66
104 142
294 264
131 188
139 208
279 252
16 138
193 307
276 286
155 265
96 117
296 182
170 307
274 205
309 130
216 302
229 50
46 213
233 135
168 129
135 10
24 280
173 24
234 292
33 15
25 16
10 14
23 27
23 0
11 18
12 6
26 9
7 20
5 14
26 29
8 27
22 32
3 18
16 2
21 18
288 699
229 19
245 37
256 278
147 211
192 166
104 216
89 231
31 155
10 198
148 170
82 154
76 150
193 29
174 192
61 143
181 167
235 243
209 101
97 47
185 217
216 16
269 21
118 280
255 171
206 258
43 87
148 154
41 21
91 173
6 218
137 179
2 40
284 238
160 120
150 124
94 140
185 133
150 180
161 199
46 236
238 258
278 48
81 277
229 279
205 187
174 266
266 98
282 44
81 221
110 270
119 21
206 150
157 157
218 164
8 106
199 253
249 83
204 194
87 87
56 254
249 49
171 259
107 131
30 180
143 197
280 84
274 42
182 230
233 173
282 18
41 203
147 225
243 157
258 8
35 221
118 216
239 253
245 285
285 227
249 257
176 18
239 227
245 211
93 37
155 13
19 169
75 195
277 11
171 253
209 145
61 151
39 239
138 70
38 16
145 63
216 260
167 17
213 135
223 67
280 200
109 285
165 269
129 131
285 187
157 231
199 21
198 212
61 155
70 286
1 109
238 38
56 246
268 112
262 74
137 275
142 264
119 189
84 224
77 223
169 227
242 136
122 46
125 163
2 222
131 193
255 259
172 160
243 287
279 151
165 201
215 35
229 243
226 144
226 88
125 275
71 35
70 22
41 23
252 190
212 206
44 216
156 106
169 197
203 11
191 39
260 170
11 115
11 67
101 197
246 162
105 111
102 224
98 264
109 223
270 92
270 114
114 180
208 202
185 123
50 56
39 233
212 24
88 108
89 241
263 113
67 147
170 230
19 187
269 27
122 136
199 263
165 263
151 237
208 46
255 19
1 1
76 4
53 163
210 246
104 134
137 267
109 207
138 76
123 271
57 175
214 196
10 100
214 270
66 266
40 32
268 158
184 78
202 186
164 192
214 170
63 209
58 162
250 196
223 155
230 70
101 17
105 287
207 235
165 139
249 239
78 164
75 259
206 184
39 241
208 42
271 43
73 159
121 191
159 85
170 52
253 13
167 223
237 117
199 111
182 210
193 217
278 210
110 72
167 71
229 115
162 268
143 73
151 157
49 39
46 200
201 201
246 224
24 232
145 243
74 74
38 162
214 182
111 19
236 244
64 114
159 171
200 228
245 133
141 237
58 4
178 196
250 154
151 137
263 15
100 38
19 25
64 34
54 106
9 81
180 248
214 74
49 55
78 262
72 146
144 50
172 138
265 19
20 134
267 113
228 78
63 261
80 184
78 214
221 247
79 219
244 128
45 21
221 217
219 99
281 149
2 188
60 116
119 195
130 154
134 190
271 101
200 176
100 50
80 40
89 23
156 60
144 38
223 113
163 137
152 134
252 14
234 272
258 268
79 17
239 169
120 54
231 75
210 30
237 113
143 253
272 102
276 198
232 40
272 220
188 44
146 266
154 222
247 261
118 268
9 57
202 244
251 199
198 32
235 203
49 163
188 144
155 193
180 242
60 164
150 16
93 59
38 140
25 155
221 201
30 22
246 124
122 218
2 140
180 224
128 214
234 30
146 256
117 157
128 92
283 83
142 82
131 65
235 123
195 273
188 224
162 0
133 255
242 166
9 7
193 273
156 160
227 261
170 232
94 54
200 18
272 246
222 194
4 56
287 193
254 26
157 97
200 122
284 46
60 34
179 175
93 277
72 6
109 141
208 182
123 35
144 196
7 287
53 101
11 277
110 80
256 62
261 135
70 28
256 126
110 10
257 165
257 171
191 171
284 242
196 284
101 105
246 110
285 55
137 23
260 122
264 214
31 287
2 286
74 190
184 252
195 97
1 9
136 144
271 267
229 255
256 20
44 222
128 26
63 107
278 16
122 90
211 41
154 52
110 16
19 147
205 87
247 213
254 264
222 250
89 71
25 195
107 127
93 229
65 71
183 119
158 280
284 22
64 142
70 230
28 88
91 195
154 34
70 84
198 94
16 68
125 179
241 269
184 260
142 226
203 55
8 24
124 94
187 133
60 102
133 59
44 196
277 107
46 238
235 51
90 76
182 280
94 274
277 233
61 285
184 136
119 229
162 32
178 132
109 81
232 254
254 190
64 116
101 93
15 261
213 217
125 171
214 234
94 174
5 97
15 91
169 277
48 2
131 39
2 210
60 82
88 240
5 63
242 170
257 187
274 172
201 233
33 211
204 44
262 114
265 165
190 72
32 146
22 154
127 217
3 257
263 119
228 158
173 237
43 191
175 229
253 65
115 191
158 152
187 285
237 57
167 237
36 210
252 196
11 189
261 215
126 62
141 49
214 28
0 286
117 179
232 236
259 87
81 5
89 33
69 211
269 165
200 200
240 182
205 5
50 200
162 72
34 32
234 0
104 158
260 36
274 30
67 237
74 58
194 170
195 25
271 93
5 13
151 277
213 15
92 216
48 16
280 16
98 278
130 96
109 63
248 176
130 218
122 244
144 186
162 30
134 194
76 194
27 189
167 203
109 247
252 104
25 191
196 80
185 5
79 193
99 235
177 205
51 159
0 48
30 282
261 141
95 139
114 74
148 186
208 226
76 10
256 194
277 261
40 198
138 178
192 242
240 228
12 204
3 225
53 55
285 49
175 17
157 91
50 100
282 106
138 248
223 207
97 19
107 115
266 8
36 14
84 114
264 188
247 51
193 237
41 71
29 43
38 266
169 115
192 46
52 150
163 73
75 239
137 127
197 243
256 104
136 60
156 92
120 20
45 201
287 173
235 21
281 29
109 105
109 25
140 90
237 145
117 63
183 33
262 220
48 186
68 156
196 112
73 53
69 173
185 129
64 184
110 24
150 234
221 123
213 253
195 91
127 179
162 286
111 125
50 28
104 32
132 36
180 214
221 239
161 87
244 174
65 185
50 212
150 188
160 202
212 90
169 111
260 64
277 283
34 136
84 208
51 67
207 87
159 283
148 274
69 287
114 48
153 65
243 33
90 242
233 33
209 273
143 131
52 128
29 165
92 166
62 18
62 274
98 196
111 7
40 116
273 237
152 102
161 109
103 255
161 227
99 33
213 43
103 81
155 277
78 248
287 253
253 277
149 209
11 39
198 232
142 256
40 14
269 137
189 207
173 207
235 17
116 108
78 142
182 260
256 120
106 92
112 260
185 137
210 60
259 223
12 8
123 39
60 76
162 124
267 147
269 75
2 88
243 159
81 257
208 138
236 76
140 72
376 804
227 213
174 368
190 44
114 130
301 351
36 124
194 324
188 354
202 142
232 10
244 280
97 37
139 61
100 160
209 303
59 171
23 55
147 315
257 135
177 55
208 50
215 223
66 4
147 115
266 84
237 53
260 108
353 177
26 36
0 42
144 170
42 14
146 100
221 319
336 304
48 38
192 144
337 351
342 80
135 117
297 331
115 247
117 51
346 274
296 226
243 251
96 108
322 124
38 166
112 86
319 109
84 178
35 347
310 156
308 118
354 166
150 94
192 148
125 151
143 97
110 138
219 193
28 92
45 17
10 64
177 323
55 167
23 85
74 206
71 345
243 327
272 274
72 136
87 315
79 299
306 98
286 66
184 226
165 213
229 337
320 330
357 113
53 249
256 194
111 195
111 171
343 175
282 350
41 247
2 280
64 136
293 261
14 126
85 99
77 127
357 11
245 147
287 217
106 220
18 166
40 174
367 183
80 204
190 234
161 181
5 317
29 25
267 345
201 235
61 13
274 250
137 363
350 368
125 165
34 264
277 229
207 219
271 133
261 151
53 357
321 47
288 118
370 160
0 26
256 112
22 92
253 319
115 199
125 107
332 264
47 351
306 340
249 13
299 159
338 294
241 89
1 271
133 121
367 225
190 148
232 106
312 320
90 216
59 187
90 142
65 85
233 55
51 289
197 225
76 360
154 30
147 109
158 60
65 183
82 164
337 155
238 274
139 283
263 307
41 11
143 1
75 349
223 157
287 109
262 34
331 205
82 158
228 42
100 164
146 320
343 229
85 111
56 302
115 371
195 177
90 158
48 244
122 126
159 105
151 165
275 367
350 260
221 75
146 330
18 176
20 66
204 246
326 116
234 228
127 51
199 21
12 28
196 184
186 348
48 110
52 194
21 127
266 366
76 50
300 206
52 240
61 291
273 343
307 15
41 103
101 181
18 82
84 214
357 133
19 141
252 214
131 327
45 125
170 232
37 107
241 79
296 304
74 28
229 211
199 213
353 229
11 213
156 156
281 59
30 154
72 212
323 165
322 218
35 111
123 183
247 65
43 91
224 242
255 221
182 210
215 327
111 133
298 160
324 242
251 315
57 61
285 151
226 214
311 371
187 9
151 25
82 226
247 255
47 363
228 52
71 195
223 371
252 368
187 19
64 176
112 344
56 78
192 272
289 295
291 165
252 342
60 34
23 275
63 239
88 154
158 56
101 99
275 259
228 134
345 87
43 311
50 108
373 229
136 104
229 267
141 359
127 21
163 273
274 268
121 21
289 93
78 298
362 100
115 287
218 352
273 193
137 95
251 191
368 118
43 233
241 327
170 258
89 85
50 78
72 330
133 93
349 249
351 345
113 217
251 219
278 242
333 243
161 97
10 108
364 266
375 205
28 348
254 52
18 262
57 211
336 74
17 91
28 150
333 149
58 62
126 116
317 43
204 372
246 94
118 110
27 55
255 23
100 10
22 132
147 75
250 360
38 230
301 199
289 223
291 23
146 90
203 79
171 85
214 354
136 336
158 108
120 88
266 10
344 64
21 331
281 137
324 350
122 38
172 186
315 89
253 29
374 104
142 294
122 170
333 93
18 370
148 76
9 9
228 310
368 32
22 178
228 300
373 331
167 341
227 33
317 275
27 187
175 25
133 309
364 286
72 106
333 343
372 62
143 345
168 186
357 165
117 73
11 137
286 352
192 12
261 321
283 233
273 73
96 100
306 346
229 369
237 297
367 229
259 273
314 46
213 347
67 21
109 59
299 43
132 166
37 123
328 136
244 268
165 97
211 185
73 27
41 221
170 108
105 9
9 239
63 283
33 293
21 69
136 82
99 283
364 214
349 257
47 359
155 219
292 150
163 321
319 73
58 32
267 159
342 74
174 94
110 122
15 89
65 65
315 61
115 193
169 99
288 276
236 4
15 45
144 112
93 297
299 337
65 105
277 117
362 298
319 79
136 94
364 166
280 334
22 70
325 271
114 356
27 115
4 270
352 202
308 212
250 122
153 149
316 228
81 119
47 149
188 138
163 207
107 71
327 241
56 276
78 290
199 59
152 294
94 186
341 121
124 352
244 64
143 131
233 149
176 134
122 64
274 164
344 270
47 285
358 158
84 58
201 157
356 78
123 123
167 375
242 330
329 215
54 120
27 153
171 335
311 347
230 30
38 122
313 111
168 120
228 2
375 341
282 6
87 17
4 68
4 124
374 108
270 156
218 316
9 307
254 336
49 313
66 256
174 156
273 191
17 371
205 67
319 327
250 44
108 334
165 51
135 17
251 251
192 104
322 324
200 336
171 235
63 297
345 31
208 248
50 246
315 207
14 264
200 122
222 232
22 230
157 339
48 40
177 319
344 98
334 320
45 101
36 364
133 187
283 267
125 219
271 253
316 370
364 22
61 349
334 214
299 331
168 10
139 369
281 61
42 212
333 41
250 258
313 151
275 217
52 372
189 343
179 295
279 211
212 186
241 5
169 71
167 49
11 317
187 37
17 103
71 181
339 175
156 190
182 130
145 35
112 292
119 33
164 282
180 110
236 128
200 96
142 136
181 57
45 275
98 374
267 43
53 233
8 344
25 47
367 335
328 52
165 95
218 60
73 81
58 306
77 197
101 343
353 353
201 179
155 45
233 189
236 146
237 77
234 4
327 135
336 12
368 160
235 161
313 335
146 72
314 48
84 354
261 87
22 304
123 145
164 224
26 366
58 78
28 152
94 98
296 124
278 208
332 180
170 154
153 3
299 295
4 370
351 73
136 98
279 167
160 326
16 56
22 66
48 262
354 280
151 153
43 215
318 278
295 305
6 64
281 103
315 125
106 240
227 37
140 18
168 112
352 68
336 68
88 292
169 335
142 238
142 280
288 2
150 6
73 375
119 21
91 277
342 248
238 158
280 256
367 41
131 301
237 205
331 177
45 293
276 90
53 17
143 163
128 270
361 341
317 285
325 363
159 83
265 33
145 253
287 361
63 99
101 195
64 312
127 155
294 82
355 361
248 264
304 330
244 248
282 126
40 98
104 340
255 81
51 111
230 284
157 93
96 106
216 108
134 58
306 358
311 149
216 80
210 136
78 96
69 73
76 94
101 185
31 83
77 313
140 162
222 134
237 305
120 284
221 179
143 143
263 117
15 325
167 215
263 131
45 247
40 368
24 136
331 367
76 362
304 68
193 375
174 314
191 331
370 236
14 38
113 205
220 180
334 276
262 208
172 180
246 198
360 158
370 228
120 280
12 302
57 127
179 67
72 170
175 105
216 156
265 279
259 175
127 195
307 109
100 234
346 218
332 294
250 374
113 95
234 318
37 117
335 373
255 247
266 130
282 34
95 143
101 229
34 332
182 56
279 339
63 101
277 103
278 148
309 243
343 137
233 151
351 319
100 78
64 124
171 261
32 146
361 335
178 298
327 67
331 185
164 274
146 160
237 261
264 170
247 365
148 236
69 89
53 189
281 165
108 340
69 215
178 142
39 95
364 188
16 170
306 40
245 43
39 351
88 262
213 355
174 294
369 127
359 193
176 328
48 374
21 215
221 211
23 317
52 176
266 372
201 129
137 129
24 304
228 302
228 336
77 209
370 350
47 37
6 82
168 226
289 299
226 232
116 234
136 246
48 292
472 276
17 343
232 261
148 164
70 184
342 237
357 295
331 330
448 261
249 141
56 291
111 222
315 121
464 12
457 113
382 11
211 257
312 54
321 295
427 195
435 295
68 304
463 50
278 441
13 164
304 322
79 47
329 242
119 113
294 249
296 139
45 329
199 418
110 225
191 408
251 413
297 316
176 224
420 325
127 51
143 65
312 286
168 33
126 463
93 87
377 252
206 392
312 182
21 383
289 404
409 205
307 66
261 391
42 237
152 19
194 160
105 424
263 178
268 392
242 145
336 64
415 365
275 201
239 109
257 238
432 157
310 75
252 436
108 457
230 19
385 96
201 86
182 269
466 369
72 332
324 188
254 240
146 251
124 96
384 297
268 273
132 319
103 95
61 202
457 128
353 161
18 217
136 28
290 431
79 6
29 447
170 94
52 186
375 260
161 389
300 309
148 16
66 267
234 378
389 354
66 20
304 388
393 122
374 159
320 383
104 165
204 305
297 293
175 291
299 422
423 312
271 21
85 272
159 431
311 29
325 131
175 20
432 125
288 459
450 202
280 462
22 423
251 248
84 214
455 461
79 188
79 320
275 422
85 184
72 42
61 370
214 216
241 323
41 168
228 141
217 176
175 303
112 128
313 258
82 49
228 163
427 72
100 143
451 343
85 164
176 56
332 339
42 210
301 159
405 49
355 62
425 32
83 89
420 390
211 43
240 16
320 61
28 86
280 140
344 17
364 273
298 14
406 201
151 406
175 442
241 61
138 324
21 304
415 51
139 164
193 372
390 34
215 284
406 36
12 148
118 6
45 13
283 60
172 137
208 79
284 242
248 76
380 342
459 345
282 112
279 21
285 79
460 116
154 158
251 116
306 278
367 205
343 34
335 445
130 88
373 188
260 92
150 315
196 147
126 277
64 214
427 334
65 278
213 217
414 352
141 281
222 296
241 34
169 167
113 183
109 361
461 250
247 149
10 39
129 96
147 62
236 400
2 125
37 130
233 198
444 468
241 419
99 349
138 389
302 62
278 192
215 199
32 33
89 223
6 252
291 427
350 41
422 232
170 223
297 461
39 131
272 444
249 418
289 360
125 2
242 314
247 379
441 14
358 201
402 405
128 123
263 287
199 367
392 170
305 204
342 201
380 164
247 115
127 124
330 31
391 275
17 143
79 67
340 404
130 299
121 456
5 81
22 365
223 438
73 157
439 12
456 442
451 48
73 264
460 432
69 455
353 291
92 40
51 153
333 183
156 132
334 398
167 96
139 30
107 55
95 42
131 57
111 27
41 50
64 1
131 19
92 42
38 32
89 39
76 31
123 19
113 46
129 58
101 23
129 17
109 32
141 61
133 33
85 68
37 35
127 28
22 35
30 20
93 32
117 40
91 0
103 65
91 21
125 18
61 19
93 50
50 17
16 1
135 20
64 32
119 51
121 57
122 38
87 41
123 64
11 5
143 37
125 37
5 10
115 63
135 56
40 2
105 62
119 17
101 19
109 67
19 27
97 58
103 25
139 50
127 51
105 22
71 31
89 24
55 14
137 23
60 40
117 36
113 32
5 25
115 17
108 30
94 30
111 44
133 58
96 14
97 34
56 44
24 22
49 35
91 54
101 45
121 16
84 27
115 32
127 54
83 47
85 25
87 24
95 34
107 32
99 36
99 46
32 49
137 63
100 30
78 27
74 20
14 17
109 161
2 5
5 3
9 6
13 6
16 5
18 5
22 3
25 5
26 3
29 5
33 7
35 3
38 4
42 3
44 3
49 7
50 3
54 5
58 3
59 7
64 7
65 5
68 3
73 7
74 3
77 7
80 7
85 7
87 4
55 9
56 9
57 9
58 9
59 9
60 9
61 9
62 9
63 9
64 9
65 9
66 9
67 9
68 9
69 9
70 9
71 9
72 9
73 9
74 9
75 9
76 9
77 9
78 9
79 9
80 9
81 9
82 9
83 9
84 9
85 9
86 9
3 14
6 12
10 15
12 13
14 17
17 18
21 12
25 14
26 18
30 13
34 13
37 15
40 14
42 14
46 16
49 12
52 18
53 18
56 17
59 13
62 12
67 13
69 15
71 17
75 16
78 12
80 13
85 15
88 18
89 14
92 17
95 12
98 16
55 24
56 20
57 20
58 23
59 14
60 15
61 15
62 23
63 16
64 28
65 27
66 24
67 25
68 14
69 22
70 21
71 21
72 27
73 28
74 27
75 26
76 26
77 23
78 24
79 17
80 19
81 15
82 24
83 20
84 22
85 19
86 21
87 16
89 19
90 25
91 21
92 25
93 25
3 29
5 27
10 23
13 24
15 24
17 28
20 24
25 31
27 20
29 20
32 22
36 30
38 23
41 20
44 24
49 27
51 24
54 19
57 27
59 29
62 29
66 19
70 25
72 25
76 28
78 25
82 26
85 31
23 96
404 404
183 279
183 308
183 79
183 323
183 332
183 331
183 341
183 22
183 294
183 98
183 268
183 260
183 380
183 392
183 288
183 24
183 366
183 357
183 132
183 295
183 320
183 321
183 317
183 48
183 20
183 232
183 401
183 226
183 199
183 8
183 92
183 165
183 6
183 124
183 97
183 197
183 202
183 78
183 176
183 29
183 250
183 262
183 282
183 314
183 4
183 35
183 49
183 10
183 37
183 145
183 166
183 276
183 249
183 372
183 89
183 91
183 307
183 378
183 11
183 272
183 228
183 309
183 25
183 21
183 93
183 322
183 84
183 118
183 280
183 45
183 235
183 241
183 348
183 108
183 75
183 396
183 215
183 141
183 263
183 183
183 58
183 123
183 281
183 283
183 376
183 285
183 352
183 373
183 27
183 125
183 81
183 231
183 121
183 147
183 345
183 377
183 290
183 208
183 239
183 152
183 102
183 221
183 216
183 358
183 50
183 360
183 242
183 104
183 206
183 193
183 325
183 349
183 382
183 7
183 131
183 381
183 38
183 110
183 391
183 151
183 236
183 33
183 297
183 247
183 66
183 237
183 394
183 137
183 53
183 57
183 82
183 179
183 149
183 100
183 264
183 246
183 54
183 28
183 343
183 330
183 71
183 167
183 316
183 130
183 169
183 315
183 346
183 318
183 337
183 227
183 311
183 296
183 26
183 34
183 210
183 277
183 310
183 243
183 393
183 324
183 313
183 195
183 40
183 191
183 157
183 302
183 342
183 182
183 0
183 9
183 211
183 64
183 374
183 218
183 127
183 181
183 192
183 213
183 94
183 248
183 244
183 114
183 173
183 170
183 204
183 68
183 14
183 289
183 136
183 140
183 300
183 209
183 400
183 56
183 142
183 229
183 69
183 44
183 30
183 266
183 284
183 265
183 387
183 162
183 72
183 150
183 139
183 90
183 95
183 383
183 36
183 76
183 326
183 161
183 122
183 370
183 334
183 129
183 223
183 112
183 47
183 270
183 395
183 160
183 292
183 245
183 155
183 101
183 107
183 299
183 274
183 172
183 154
183 61
183 73
183 375
183 344
183 351
183 254
183 355
183 298
183 398
183 63
183 219
183 135
183 238
183 329
183 205
183 353
183 186
183 390
183 171
183 67
183 43
183 196
183 217
183 178
183 138
183 41
183 32
183 301
183 339
183 16
183 198
183 336
183 305
183 361
183 15
183 134
183 220
183 62
183 257
183 158
183 256
183 120
183 106
183 126
183 364
183 111
183 51
183 233
183 214
183 304
183 340
183 31
183 402
183 333
183 168
183 190
183 185
183 363
183 174
183 39
183 362
183 60
183 275
183 83
183 327
183 385
183 338
183 312
183 144
183 397
183 384
183 367
183 203
183 291
183 403
183 86
183 74
183 119
183 99
183 17
183 23
183 3
183 252
183 371
183 225
183 1
183 201
183 153
183 354
183 369
183 189
183 187
183 278
183 13
183 88
183 379
183 350
183 96
183 212
183 103
183 328
183 359
183 156
183 70
183 356
183 42
183 222
183 143
183 388
183 335
183 200
183 113
183 85
183 116
183 59
183 175
183 128
183 117
183 5
183 109
183 259
183 261
183 253
183 148
183 180
183 286
183 207
183 234
183 133
183 188
183 55
183 177
183 287
183 164
183 194
183 240
183 306
183 80
183 267
183 303
183 271
183 65
183 12
183 19
183 146
183 347
183 255
183 368
183 18
183 269
183 87
183 319
183 293
183 2
183 386
183 159
183 46
183 399
183 258
183 389
183 224
183 273
183 52
183 184
183 251
183 365
183 115
183 163
183 77
183 105
183 230
303 416
230 226
105 105
289 193
38 104
146 230
91 171
233 193
205 143
103 281
166 104
64 48
228 204
121 81
55 57
50 100
292 280
92 204
23 287
200 140
250 206
16 34
180 32
167 183
229 15
142 148
300 66
220 246
211 93
293 291
180 288
113 61
129 23
148 36
177 159
81 279
216 140
113 39
216 46
255 181
84 214
177 165
161 253
70 104
3 131
191 69
113 141
26 224
108 128
190 98
242 108
140 48
261 261
52 74
278 242
70 222
220 236
62 220
294 222
49 117
243 187
87 267
218 72
282 156
165 219
133 227
13 285
156 194
207 95
81 61
177 59
211 87
142 34
64 166
52 200
108 60
83 217
217 153
3 253
131 47
87 219
92 140
26 170
229 223
241 211
223 123
293 301
272 274
243 173
197 123
182 148
101 291
161 57
14 140
208 140
45 59
235 95
180 40
252 220
103 293
227 185
45 175
70 224
262 10
203 237
133 93
157 165
144 156
63 225
284 224
110 192
26 84
276 20
89 101
149 207
188 44
44 26
299 137
93 255
290 162
79 23
29 185
281 63
85 23
15 181
81 43
200 108
169 235
61 5
22 158
177 49
151 237
180 188
240 160
234 172
286 90
146 114
29 29
118 120
189 177
253 249
152 256
138 44
287 133
210 284
69 119
69 203
44 198
24 212
230 270
127 173
262 134
172 228
269 149
286 240
107 81
281 115
143 137
253 287
180 52
130 196
267 121
143 279
217 117
123 275
84 66
12 78
98 66
228 112
0 80
281 169
35 299
194 246
168 148
187 193
242 166
154 270
85 39
255 265
171 69
170 126
163 165
288 142
296 92
165 241
80 46
228 264
173 175
261 9
173 237
170 40
139 287
300 182
195 55
20 16
279 35
250 140
22 160
199 105
222 12
67 135
293 63
185 209
122 206
35 171
163 153
90 192
5 77
277 241
279 171
163 37
38 134
161 223
290 98
72 160
268 80
27 51
302 4
138 190
168 102
249 299
245 17
98 140
59 13
232 146
296 278
97 237
151 131
202 262
78 194
204 50
244 72
279 133
43 83
39 177
116 72
79 17
56 118
257 143
114 48
132 186
147 3
184 140
139 11
34 262
246 170
292 110
164 118
35 281
98 272
70 90
234 152
69 129
113 259
66 294
171 67
187 57
68 72
105 19
232 228
3 17
252 222
268 174
247 37
94 284
173 261
225 27
33 289
251 209
159 185
214 258
144 6
154 126
88 152
198 254
144 74
242 238
42 274
107 217
68 88
193 133
274 6
109 15
206 112
274 186
228 212
59 281
182 18
227 299
224 128
279 57
195 153
92 192
52 28
146 206
41 279
175 83
95 123
92 300
36 90
135 93
298 204
36 88
269 67
195 267
104 96
258 170
258 54
21 131
117 261
67 223
187 247
155 297
292 128
143 201
209 29
247 59
288 232
162 292
1 301
263 217
126 232
42 228
29 31
270 192
228 122
177 285
124 200
103 71
5 265
3 35
76 10
224 274
250 66
184 228
6 126
217 291
129 223
301 95
236 62
155 77
213 233
202 102
184 222
234 70
290 154
138 80
257 77
124 102
119 111
256 284
149 63
13 65
227 15
111 59
161 161
225 291
79 127
143 23
118 296
120 160
211 73
23 151
224 230
121 43
53 63
152 248
6 252
124 270
73 21
59 69
282 120
286 196
103 83
33 29
137 279
152 218
300 0
18 158
258 8
251 97
194 80
264 296
78 30
152 250
16 64
273 11
247 293
140 2
145 243
35 301
257 153
98 134
5 33
204 70
269 215
203 101
73 201
20 234
67 231
268 76
272 100
22 252
302 18
55 133
119 285
32 130
86 180
226 136
78 130
63 175
143 129
62 234
7 215
286 148
196 116
127 229
333 58
277 212
111 183
23 171
35 220
95 156
55 141
15 168
202 283
33 140
298 163
65 90
43 130
67 52
143 210
99 44
81 118
245 241
123 206
8 119
85 205
228 254
107 108
103 40
174 228
290 239
41 130
11 156
49 195
4 146
192 168
206 214
116 190
136 156
75 45
266 184
236 294
259 168
217 239
269 179
139 78
61 43
224 181
306 252
28 102
248 272
128 179
322 195
51 137
93 178
285 281
88 143
73 223
20 44
187 211
120 127
179 273
314 193
133 58
252 252
2 52
2 38
2 8
2 139
2 14
2 156
2 93
2 98
2 197
2 134
2 117
2 2
2 164
2 165
2 222
2 55
2 18
2 112
2 83
2 63
2 122
2 173
2 58
2 219
2 201
2 88
2 75
2 113
2 249
2 232
2 248
2 78
2 7
2 97
2 116
2 9
2 186
2 0
2 174
2 236
2 194
2 22
2 115
2 147
2 183
2 204
2 111
2 238
2 251
2 62
2 81
2 172
2 150
2 28
2 250
2 206
2 51
2 214
2 30
2 33
2 149
2 65
2 184
2 107
2 170
2 227
2 73
2 21
2 72
2 224
2 76
2 154
2 60
2 34
2 182
2 129
2 84
2 189
2 223
2 181
2 126
2 193
2 187
2 140
2 131
2 245
2 205
2 209
2 86
2 229
2 32
2 49
2 231
2 145
2 196
2 102
2 6
2 157
2 160
2 152
2 207
2 159
2 138
2 3
2 142
2 67
2 119
2 202
2 179
2 185
2 15
2 89
2 12
2 141
2 221
2 54
2 158
2 120
2 137
2 91
2 5
2 190
2 210
2 153
2 69
2 56
2 127
2 244
2 237
2 240
2 121
2 87
2 218
2 29
2 101
2 177
2 155
2 68
2 17
2 166
2 41
2 230
2 178
2 43
2 200
2 74
2 57
2 180
2 110
2 124
2 132
2 215
2 26
2 37
2 203
2 220
2 82
2 44
2 61
2 235
2 213
2 11
2 108
2 106
2 4
2 211
2 42
2 188
2 167
2 239
2 234
2 96
2 10
2 64
2 94
2 168
2 16
2 176
2 50
2 216
2 130
2 226
2 195
2 70
2 1
2 143
2 80
2 247
2 246
2 95
2 148
2 40
2 20
2 79
2 212
2 48
2 242
2 27
2 217
2 144
2 233
2 92
2 31
2 125
2 45
2 225
2 135
2 192
2 109
2 161
2 191
2 243
2 66
2 23
2 39
2 77
2 104
2 228
2 25
2 198
2 71
2 171
2 114
2 175
2 128
2 241
2 100
2 133
2 169
2 24
2 13
2 103
2 105
2 99
2 19
2 146
2 151
2 136
2 162
2 118
2 163
2 59
2 199
2 35
2 53
2 36
2 85
2 46
2 47
2 208
2 90
2 123
223 96
90 73
22 23
145 46
6 19
155 67
46 9
74 0
58 73
187 92
189 58
28 71
175 76
8 4
159 51
56 30
143 84
113 44
70 67
86 13
76 37
18 0
20 32
149 49
42 27
197 82
98 35
4 59
163 61
44 70
179 54
50 32
133 90
201 38
68 36
161 48
131 79
100 73
34 11
94 47
193 96
40 30
199 68
60 0
72 11
30 80
84 59
195 25
173 79
24 49
26 2
157 73
181 69
121 80
167 89
10 36
117 37
183 61
52 0
66 5
82 22
36 34
135 71
151 56
127 58
64 67
78 55
171 51
177 24
48 39
129 55
88 60
137 77
165 74
80 70
147 42
16 4
92 1
32 16
139 62
119 81
169 31
38 6
123 65
191 92
153 76
96 77
125 27
14 45
141 50
115 86
2 0
54 42
12 57
185 76
102 0
62 18
398 178
219 78
101 103
104 309
147 285
152 242
180 24
125 100
346 282
5 41
9 154
356 230
363 199
256 9
190 148
351 144
96 161
31 139
177 97
171 164
51 117
117 275
141 268
232 118
130 71
86 38
36 134
205 246
79 166
105 32
96 280
120 80
318 271
15 288
209 150
271 189
255 94
366 252
126 35
93 236
216 115
176 179
217 126
39 211
233 291
269 106
263 136
229 111
225 100
248 130
317 151
258 146
313 260
370 264
229 92
5 224
199 168
167 312
280 301
239 280
52 122
301 258
277 62
306 222
74 46
21 163
253 109
40 46
284 176
192 102
136 76
210 134
281 280
247 164
47 298
202 262
206 236
91 106
59 107
327 221
133 237
111 287
197 208
140 3
76 235
161 105
344 269
85 310
207 228
173 236
150 17
330 129
335 145
267 167
255 213
362 155
179 139
221 0
311 194
294 153
163 179
25 119
68 133
219 211
234 167
223 175
15 2
265 136
36 289
339 59
45 40
303 260
189 265
260 277
215 128
185 287
21 48
60 211
213 109
264 163
29 155
69 8
114 158
10 44
288 167
12 297
204 181
213 261
81 124
184 163
299 72
119 105
244 149
359 187
55 117
160 297
349 162
64 119
194 28
57 170
225 92
166 43
245 278
111 0
100 114
65 192
226 76
28 287
249 84
292 70
128 127
326 219
274 110
155 7
201 303
228 306
236 108
109 101
338 234
45 143
323 161
144 171
271 230
209 142
240 148
238 236
275 137
250 241
235 242
243 169
252 160
155 175
89 189
144 149
285 190
136 303
71 192
241 146
25 277
212 154
175 92
175 57
175 182
175 138
175 68
175 114
175 144
175 193
175 32
175 129
175 99
175 23
175 102
175 98
175 5
175 128
175 134
175 146
175 70
175 135
175 7
175 116
175 20
175 26
175 16
175 113
175 156
175 108
175 180
175 173
175 131
175 48
175 22
175 0
175 109
175 154
175 106
175 49
175 195
175 50
175 157
175 44
175 205
175 166
175 192
175 175
175 8
175 41
175 160
175 97
175 35
175 74
175 185
175 177
175 200
175 93
175 25
175 30
175 101
175 122
175 142
175 38
175 194
175 181
175 137
175 1
175 80
175 191
175 198
175 37
175 40
175 174
175 13
175 21
175 112
175 115
175 4
175 147
175 6
175 130
175 79
175 123
175 89
175 85
175 163
175 72
175 67
175 96
175 14
175 53
175 11
175 132
175 45
175 209
175 207
175 127
175 186
175 159
175 107
175 83
175 162
175 111
175 77
175 81
175 59
175 60
175 12
175 210
175 90
175 19
175 167
175 164
175 64
175 75
175 3
175 184
175 24
175 34
175 84
175 9
175 158
175 73
175 100
175 46
175 82
175 28
175 27
175 88
175 208
175 190
175 86
175 119
175 94
175 71
175 206
175 161
175 87
175 204
175 33
175 51
175 187
175 117
175 56
175 203
175 151
175 196
175 170
175 139
175 197
175 133
175 149
175 61
175 120
175 140
68 33
20 5
31 38
59 32
26 13
62 30
40 35
11 35
20 38
3 28
31 14
8 5
53 8
24 30
10 35
32 29
44 22
49 34
6 4
56 28
36 36
17 38
47 24
14 38
12 12
33 4
16 17
27 32
36 34
18 21
39 32
4 8
25 7
5 37
480 335
156 135
222 82
250 262
40 142
240 373
120 136
10 280
190 252
94 75
34 68
392 246
244 257
124 56
138 364
126 271
16 41
256 52
320 219
236 340
182 318
68 132
216 103
214 296
369 201
132 152
301 246
276 60
238 345
363 206
108 294
204 241
251 200
311 247
164 323
192 288
110 142
162 74
62 161
234 173
274 38
32 272
90 119
202 139
108 126
126 59
120 309
56 251
206 342
46 116
68 327
254 81
443 189
148 266
266 336
54 153
64 307
295 199
246 138
92 385
216 360
260 367
18 245
250 25
104 156
136 264
140 328
50 301
78 109
96 45
305 207
26 153
247 230
174 248
128 141
86 84
266 63
64 154
2 354
399 244
200 48
102 117
20 148
245 216
50 37
230 80
242 271
10 149
188 377
226 250
112 127
124 306
244 74
72 100
32 75
194 311
144 130
240 181
214 172
82 164
359 201
52 119
356 247
218 54
218 307
440 200
80 319
416 227
198 299
230 347
106 156
257 185
54 262
4 378
44 284
222 248
258 327
428 232
20 261
42 164
188 165
152 315
210 248
232 324
148 46
154 60
335 202
178 99
134 293
267 246
94 333
184 170
84 160
385 238
272 196
30 46
152 41
380 185
28 27
206 75
46 255
168 292
78 338
200 292
176 317
134 110
252 277
448 205
58 179
210 41
411 246
82 278
8 102
84 306
48 318
6 351
138 70
114 334
174 65
280 246
102 385
136 94
122 135
259 246
232 39
66 241
70 280
293 246
262 141
184 262
262 331
38 101
112 285
172 118
176 28
114 38
146 351
30 277
44 139
118 339
130 40
168 60
424 186
72 371
263 252
158 375
88 375
432 193
24 96
8 278
76 284
18 183
258 23
2 27
122 266
80 70
160 80
468 201
74 116
270 385
248 31
308 252
272 104
192 144
220 275
339 251
52 290
228 84
224 372
248 363
256 277
260 49
42 298
397 216
268 155
436 235
146 64
60 159
12 271
6 53
142 116
204 36
388 246
92 148
373 205
285 251
66 138
164 123
170 242
74 315
405 236
140 162
40 286
349 245
22 29
142 345
170 83
162 254
228 316
86 375
455 187
36 383
220 141
98 331
60 349
264 279
236 80
475 186
182 137
212 359
58 356
34 321
100 246
421 238
275 188
208 50
198 171
268 365
166 46
14 64
24 261
4 177
186 275
180 48
463 207
28 345
194 87
16 383
56 149
196 139
96 286
246 277
264 97
208 252
328 249
238 100
234 353
270 118
38 317
22 287
344 199
288 217
12 81
116 340
331 237
376 198
76 66
325 195
130 302
116 155
226 75
154 289
14 281
128 357
212 71
48 65
26 365
156 257
272 313
150 317
132 279
118 33
252 74
409 221
36 139
70 133
224 86
98 50
150 153
166 355
254 286
158 169
100 69
62 355
90 309
315 217
276 381
172 309
178 295
106 268
186 26
274 299
88 149
461 242
202 297
196 260
160 295
452 215
144 255
104 273
110 298
242 183
473 196
190 89
180 299
352 232
33 27
6 10
1 11
32 22
22 11
26 17
31 27
19 32
3 12
28 29
2 11
8 12
5 12
29 28
7 13
30 21
17 11
20 12
16 16
10 13
27 25
21 30
9 9
24 30
25 14
23 23
18 26
4 10
195 230
118 28
111 71
88 12
133 60
40 182
30 84
23 95
171 155
134 149
181 23
114 177
171 35
30 168
192 183
182 151
6 87
64 2
78 3
92 52
34 69
120 142
137 1
147 73
171 122
83 31
141 20
176 48
151 121
47 31
15 155
190 191
125 102
148 11
178 36
17 76
121 102
131 139
175 138
37 154
187 117
172 187
23 76
54 51
180 63
57 64
51 61
151 162
77 112
149 166
133 39
185 107
143 109
161 21
101 93
76 34
63 51
41 165
155 179
47 175
95 105
188 181
35 19
3 45
15 72
117 0
44 92
4 106
58 46
16 99
144 131
135 142
3 52
64 61
80 167
64 188
138 138
32 36
181 16
65 107
90 66
78 86
73 98
57 25
37 93
2 24
130 121
180 128
87 191
91 154
26 59
155 108
45 140
120 167
149 17
175 54
194 69
112 137
119 70
137 23
172 38
32 31
58 116
21 72
28 77
61 53
47 166
107 166
163 120
113 192
37 33
93 185
187 106
83 124
50 11
87 104
106 153
82 88
84 171
179 126
170 88
154 95
157 163
189 24
155 136
151 177
179 2
124 24
192 79
172 102
158 172
34 76
150 86
120 137
166 20
23 173
75 83
40 91
25 191
95 30
173 59
64 3
3 48
175 52
124 168
153 111
176 126
185 168
178 145
53 163
45 18
184 76
164 116
167 86
47 141
85 136
25 100
61 91
129 3
192 98
40 113
128 95
136 103
181 15
152 39
8 85
168 157
188 76
83 104
77 103
173 133
35 128
108 87
89 105
101 59
85 171
116 54
82 30
38 122
192 11
12 97
16 56
121 123
88 90
17 169
154 113
4 42
180 53
134 59
119 7
57 160
159 182
188 163
42 191
181 179
82 147
135 150
47 124
125 4
65 25
27 10
59 138
28 30
39 65
47 137
104 37
128 8
48 51
123 69
156 124
112 134
19 128
123 124
43 45
161 137
184 124
166 29
27 193
88 93
117 104
67 121
9 45
114 116
74 191
17 100
175 17
99 117
175 74
97 113
29 163
156 9
240 504
3 220
49 95
57 4
48 9
131 171
37 177
18 96
135 196
55 96
143 39
139 158
84 59
180 139
126 154
126 100
41 113
80 54
156 89
137 63
233 168
74 47
182 7
233 178
60 36
85 107
219 60
151 93
100 157
6 88
40 1
193 146
127 149
24 3
223 98
235 203
68 96
206 2
152 21
82 176
183 107
175 105
143 38
224 0
92 236
163 68
118 163
156 69
174 121
159 189
228 107
46 230
229 72
59 103
228 72
195 64
50 95
189 94
132 6
112 113
234 150
110 36
76 204
34 229
93 31
234 193
190 191
149 117
29 206
62 102
140 78
65 238
116 118
40 25
219 167
235 0
131 30
158 182
188 69
153 127
33 119
42 125
111 155
201 207
101 45
201 223
72 201
41 15
209 180
76 116
47 47
237 55
6 38
178 218
213 166
5 29
146 183
39 164
114 33
153 85
36 32
100 173
25 49
181 160
69 116
7 215
84 55
167 236
230 164
59 239
19 116
66 192
99 130
219 49
220 28
123 180
158 191
157 223
71 164
130 136
146 113
191 138
237 84
108 5
201 211
0 145
56 236
229 134
51 97
223 183
24 199
198 3
184 194
89 82
131 165
166 177
57 17
127 187
165 54
53 155
90 168
181 196
37 65
231 238
58 186
170 237
137 2
231 208
189 155
0 75
0 148
237 44
204 114
71 157
47 212
36 104
189 231
121 148
225 80
87 15
217 36
133 190
31 40
225 204
113 190
73 173
56 127
60 158
198 113
186 45
64 18
59 134
166 45
130 222
209 40
152 100
45 151
190 3
180 106
67 194
144 108
188 20
210 183
11 99
147 108
174 126
168 233
38 39
69 11
151 215
141 109
40 230
176 0
88 224
237 111
81 132
215 134
223 31
20 35
91 156
82 53
120 223
224 130
11 239
66 25
197 134
83 160
93 5
239 145
221 119
131 38
85 217
127 116
82 146
154 138
151 226
19 171
20 34
70 195
203 219
39 76
183 69
108 65
223 234
124 195
119 181
52 9
74 19
74 214
107 18
20 27
94 24
30 95
74 90
84 164
78 130
223 193
177 146
141 125
110 79
227 77
222 113
87 233
199 181
171 197
157 226
207 127
90 178
147 128
42 209
173 169
147 161
203 62
62 23
232 23
7 179
17 157
59 187
100 149
24 210
197 131
58 162
120 89
5 74
13 28
86 4
193 222
210 129
116 70
194 166
196 150
169 96
224 238
62 224
183 64
95 185
0 132
124 161
25 50
193 98
71 54
173 106
196 101
106 46
149 84
187 102
153 51
103 224
146 54
58 137
23 130
167 208
21 30
161 128
205 169
197 142
90 67
127 136
38 164
236 146
183 190
101 210
110 228
121 47
60 209
52 37
82 138
4 172
139 101
43 86
100 200
184 107
122 74
55 226
111 14
199 64
111 19
159 91
236 18
209 224
222 77
77 169
84 111
184 105
10 108
30 190
149 200
46 203
73 73
91 112
207 165
228 123
11 76
168 53
108 69
197 117
81 225
216 75
71 68
108 32
11 216
88 226
221 81
87 199
216 69
112 51
94 67
127 167
108 131
18 191
223 88
43 217
84 14
212 4
19 215
97 93
110 213
189 7
85 212
159 226
90 48
2 75
22 173
178 180
125 152
181 137
224 146
222 152
169 200
50 164
92 16
214 50
226 139
228 218
81 36
141 55
222 61
27 77
71 7
25 220
230 32
166 166
32 11
7 105
188 110
202 120
151 232
66 83
114 96
66 170
92 0
194 167
75 235
136 45
135 100
64 17
175 11
180 183
228 161
132 84
150 216
201 228
135 92
45 161
28 181
41 52
10 116
111 83
89 123
23 85
33 160
5 25
75 124
150 223
67 135
218 117
184 38
94 199
172 117
204 67
69 164
163 203
1 34
56 107
124 59
180 223
23 111
51 2
174 195
179 200
216 111
47 219
237 124
11 102
56 113
137 139
139 181
150 229
101 135
78 198
118 166
229 195
76 49
167 210
228 67
162 152
182 70
206 40
122 231
227 28
98 220
225 154
53 217
238 234
99 177
237 210
163 48
201 79
212 231
120 168
83 73
95 140
94 238
68 222
48 54
117 214
0 183
147 81
160 223
144 172
142 24
14 6
216 131
185 237
208 55
48 20
105 68
197 102
148 222
133 151
138 192
180 134
182 60
159 178
195 111
85 39
74 104
183 239
196 77
14 56
234 127
108 22
158 206
230 77
165 171
161 156
187 73
152 223
232 46
233 156
190 58
21 226
27 131
62 87
144 99
491 190
318 469
318 149
318 354
318 109
318 156
318 272
318 399
318 124
318 1
318 3
318 267
318 378
318 127
318 377
318 357
318 448
318 25
318 110
318 104
318 488
318 400
318 311
318 233
318 263
318 476
318 55
318 96
318 460
318 344
318 478
318 404
318 317
318 187
318 250
318 117
318 337
318 451
318 70
318 47
318 480
318 217
318 298
318 68
318 277
318 417
318 45
318 370
318 471
318 192
318 231
318 207
318 424
318 137
318 385
318 219
318 392
318 158
318 168
318 247
318 384
318 452
318 303
318 126
318 458
318 487
318 41
318 423
318 327
318 419
318 28
318 100
318 254
318 470
318 322
318 441
318 366
318 394
318 223
318 170
318 98
318 328
318 279
318 107
318 245
318 84
318 73
318 304
318 284
318 439
318 308
318 133
318 435
318 74
318 99
318 13
318 463
318 355
318 255
318 183
318 249
318 88
318 323
318 447
318 226
318 175
318 345
318 293
318 92
318 261
318 142
318 62
318 212
318 375
318 59
318 119
318 314
318 257
318 43
318 129
318 484
318 8
318 179
318 75
318 53
318 186
318 325
318 56
318 316
318 350
318 82
318 481
318 281
318 260
318 2
318 313
318 51
318 407
318 169
318 232
318 285
318 374
318 23
318 306
318 320
318 76
318 341
318 44
318 163
318 479
318 34
318 134
318 199
318 258
318 122
318 353
318 455
318 0
318 95
318 72
318 486
318 147
318 364
318 438
318 66
318 243
318 387
318 329
318 71
318 148
318 221
318 237
318 60
318 268
318 409
318 289
318 482
318 252
318 113
318 220
318 239
318 184
318 36
318 193
318 324
318 17
318 93
318 46
318 425
318 358
318 283
268 51
87 162
263 252
195 99
98 159
195 103
141 239
37 234
239 124
255 152
205 62
158 263
207 79
175 206
213 40
9 227
85 256
0 236
196 127
33 126
147 78
180 90
76 153
207 204
6 176
96 9
149 221
168 160
90 6
97 156
231 35
116 74
198 225
37 22
202 240
250 60
182 135
36 45
26 208
261 200
198 109
4 50
21 65
85 195
253 102
167 195
135 2
197 178
43 16
63 194
52 123
23 35
72 7
52 36
66 14
45 66
51 11
48 71
27 28
5 26
467 201
315 198
156 126
144 201
97 97
333 352
329 176
309 228
168 80
439 281
238 69
25 61
355 413
301 391
171 99
192 49
195 194
277 214
371 167
127 58
425 138
295 260
248 93
403 163
46 92
281 133
417 232
243 125
163 149
405 166
387 407
335 187
207 51
421 222
274 205
71 96
294 97
80 174
411 393
415 351
166 181
393 259
307 325
303 120
349 387
267 157
34 124
323 304
37 150
17 155
291 268
260 175
123 96
359 192
311 351
249 295
22 101
427 311
235 386
397 339
283 195
365 295
93 40
343 394
286 161
150 31
369 146
277 139
226 112
283 297
367 126
321 346
319 223
435 170
345 149
361 305
102 82
325 343
353 151
113 112
289 148
317 319
50 120
66 121
257 357
399 395
220 70
221 195
111 134
204 72
337 362
152 166
158 97
213 91
431 338
7 60
105 38
341 336
279 237
254 45
437 298
129 68
419 160
200 75
269 128
291 163
141 164
138 93
134 197
239 105
363 186
211 138
74 69
429 390
285 218
4 167
215 168
185 85
54 131
119 206
8 168
246 131
265 176
47 177
375 310
273 144
38 191
389 348
299 318
241 200
146 72
268 81
90 146
78 101
381 207
61 210
107 68
247 352
133 186
327 416
271 91
373 204
275 196
41 90
99 132
251 240
271 415
279 196
383 314
68 208
85 123
297 239
245 368
259 347
391 321
86 198
255 288
287 48
14 130
293 215
27 175
339 370
253 324
173 199
313 414
117 33
287 357
183 89
265 360
407 173
63 76
253 170
263 347
177 190
395 137
413 241
377 358
31 122
237 345
357 391
331 188
401 150
239 319
433 387
351 170
347 392
409 306
243 178
181 192
305 219
423 286
259 33
188 138
197 136
261 249
234 61
379 415
385 123
11 187
232 37
58 37
228 95
260 28
45 54
101 158
86 55
146 140
43 173
179 138
63 55
119 58
171 121
125 174
243 115
76 54
60 163
142 166
140 51
156 101
74 155
183 171
15 149
208 88
145 57
107 55
198 133
34 56
235 90
17 50
160 154
219 106
394 184
196 10
73 39
321 7
37 90
7 217
340 190
122 111
356 84
319 319
195 86
83 303
277 243
183 389
333 116
278 380
383 190
21 179
91 192
391 77
75 228
17 169
282 153
288 23
356 191
344 59
36 82
320 29
53 149
245 326
225 345
259 279
181 345
83 45
105 376
244 173
297 112
320 55
33 38
178 364
392 350
175 349
21 213
301 186
302 355
119 79
212 114
123 306
379 47
385 144
348 61
54 115
107 246
361 46
144 61
190 142
124 143
283 136
300 128
124 219
290 155
180 198
383 271
152 339
260 326
69 225
290 355
93 16
191 201
285 279
285 379
78 224
3 384
186 171
33 393
337 330
190 346
387 88
222 360
285 73
311 85
192 120
134 182
284 100
2 214
261 258
316 306
313 69
52 12
13 265
86 364
287 47
286 14
273 167
82 270
270 393
361 51
333 349
115 103
250 331
274 117
71 309
295 131
223 248
187 66
156 83
387 39
101 188
185 52
71 130
155 162
36 136
128 286
356 196
351 54
58 135
46 45
63 329
385 294
96 117
135 135
183 1
3 157
265 130
122 389
4 245
114 267
374 51
217 360
134 353
8 285
176 90
73 373
44 234
136 90
131 36
212 374
81 292
170 261
308 386
339 9
28 95
187 387
341 29
134 325
289 256
61 193
187 162
125 183
356 64
332 153
361 188
369 90
223 262
81 295
288 304
12 138
286 4
159 97
225 19
226 9
187 10
264 67
94 31
102 386
258 238
119 34
13 263
259 183
124 200
74 91
385 259
168 105
263 49
255 356
383 216
214 23
193 120
128 165
234 39
387 188
228 383
302 105
355 4
36 247
202 202
85 67
85 134
85 119
85 3
85 154
85 182
85 132
85 45
85 166
85 88
85 121
85 127
85 170
85 31
85 44
85 138
85 149
85 26
85 120
85 35
85 52
85 76
85 141
85 188
85 93
85 47
85 13
85 50
85 97
85 41
85 36
85 94
85 92
85 136
85 123
85 124
85 139
85 140
85 25
85 167
85 84
85 70
85 20
85 63
85 159
85 55
85 58
85 126
85 22
85 113
85 110
85 131
85 198
85 147
85 75
85 96
85 107
85 146
85 181
85 38
85 37
85 184
85 29
85 169
85 162
85 200
85 95
85 108
85 179
85 109
85 158
85 192
85 161
85 46
85 19
85 165
85 111
85 137
85 144
85 100
85 150
85 90
85 34
85 112
85 62
85 54
85 43
85 191
85 122
85 2
85 189
85 178
85 9
85 53
85 117
85 87
85 21
85 98
85 175
85 99
85 199
85 73
85 171
85 33
85 114
85 72
85 105
85 4
85 40
85 180
85 157
85 81
85 153
85 185
85 66
85 27
85 152
85 42
85 49
85 156
85 82
85 10
85 177
85 16
85 194
85 193
85 17
85 57
85 133
85 32
85 163
85 18
85 190
85 125
85 15
85 39
85 160
85 1
85 145
85 28
85 148
85 59
85 195
85 118
85 8
85 79
85 24
85 71
85 103
85 187
85 77
85 173
85 7
85 155
85 135
85 80
85 6
85 51
85 142
85 69
85 151
85 196
85 104
85 115
85 143
85 130
85 176
85 14
85 11
85 56
85 197
85 183
85 30
85 129
85 128
85 172
85 12
85 78
85 74
85 91
85 5
85 0
85 65
85 116
85 89
85 174
85 106
85 85
85 64
85 164
85 60
85 48
85 23
85 168
85 102
85 201
85 86
85 101
85 83
85 186
85 61
85 68
454 943
63 64
280 172
232 118
419 115
369 208
85 32
185 64
250 131
259 233
129 137
229 130
239 163
289 161
8 164
333 150
12 191
326 204
355 174
162 78
340 164
2 128
378 181
34 54
394 144
40 80
74 19
17 31
31 126
92 100
263 84
28 132
102 183
130 14
307 224
380 169
153 138
170 206
305 222
356 98
64 80
115 66
105 94
347 224
83 75
204 71
65 38
136 113
46 70
82 151
311 190
369 23
371 154
107 96
253 135
91 12
92 182
143 67
158 122
119 99
329 150
128 118
99 39
52 63
388 121
230 111
260 242
337 163
80 184
346 182
19 83
348 175
250 130
385 134
135 62
341 210
261 31
349 102
178 85
336 256
54 162
358 244
74 130
203 105
249 167
30 112
163 82
145 136
166 147
358 123
283 207
42 87
353 173
382 234
310 108
265 178
345 130
200 90
170 69
77 33
409 109
235 158
267 127
433 96
364 146
11 64
429 56
174 163
395 20
327 154
61 92
68 61
37 6
202 173
237 118
123 37
96 168
368 167
338 256
159 25
61 25
91 127
228 158
25 28
295 48
164 26
386 159
128 161
187 74
5 18
285 115
121 47
154 48
56 101
192 60
26 177
66 197
151 120
179 130
110 215
5 67
60 83
271 0
290 199
156 87
348 232
190 209
8 42
249 100
431 109
148 129
393 123
134 125
38 101
373 107
269 142
80 126
35 37
58 96
7 29
371 185
36 14
110 112
144 146
20 107
105 18
290 176
170 41
329 240
202 82
139 121
159 112
62 109
12 5
245 43
43 91
141 89
323 94
92 6
397 55
351 166
243 121
255 229
86 28
291 103
403 106
103 81
185 65
333 120
152 174
233 215
168 178
425 23
298 127
381 123
299 225
334 196
267 112
160 154
335 106
46 136
176 144
148 16
353 33
3 69
230 243
38 5
193 66
306 215
322 121
51 109
303 200
307 65
22 140
167 128
362 153
132 64
336 134
71 65
269 7
333 48
84 39
96 110
48 13
255 116
264 142
261 135
133 79
116 59
147 50
237 148
376 233
120 31
122 69
137 14
146 182
9 113
199 84
331 41
421 101
258 147
174 35
123 129
73 21
339 109
351 136
155 30
181 123
106 181
260 166
233 118
222 165
316 181
64 9
297 145
44 30
195 86
130 215
24 191
118 192
399 129
165 97
367 142
4 155
315 169
318 174
122 56
15 98
313 44
73 82
70 34
247 98
41 89
15 29
346 145
39 69
8 114
72 78
144 47
321 213
357 185
366 157
379 155
343 141
279 105
234 247
293 3
244 231
18 9
134 142
242 247
138 52
76 39
53 73
275 224
154 63
355 86
309 100
388 181
67 119
298 207
339 156
55 34
317 77
365 178
100 42
1 55
139 60
11 61
86 96
173 62
324 121
240 158
68 163
168 78
104 194
154 204
118 15
261 162
252 110
83 10
125 56
303 169
363 32
401 43
188 124
362 180
171 108
303 21
353 182
114 84
246 214
77 137
155 106
359 43
320 234
312 141
270 234
51 12
45 54
375 255
349 226
251 210
59 77
236 214
89 27
370 179
169 27
18 102
269 178
131 30
99 126
118 61
378 153
158 196
282 157
37 67
138 77
7 93
387 0
283 158
341 71
345 106
132 164
150 9
327 132
319 198
140 136
153 50
72 183
309 105
162 151
88 79
111 116
238 155
293 129
231 133
385 62
81 30
146 70
131 132
389 186
78 114
87 93
240 130
160 33
88 143
427 113
104 128
307 177
323 253
182 34
90 129
10 29
138 150
30 45
108 117
355 120
84 92
108 12
40 41
101 133
180 99
263 203
325 0
48 211
120 142
364 204
126 71
177 134
178 212
379 16
69 69
288 167
130 91
319 111
338 134
259 36
349 28
220 148
266 151
181 19
152 93
96 8
331 177
363 152
251 148
24 7
162 19
124 91
238 219
55 67
236 164
301 56
392 138
366 222
356 223
205 72
183 22
180 5
344 213
267 162
148 69
161 100
237 201
391 115
176 137
182 107
109 53
113 111
107 43
144 105
373 202
297 93
6 68
257 152
143 102
63 136
133 54
197 75
339 253
315 172
28 99
287 28
302 173
331 164
78 162
184 126
359 191
67 67
352 114
186 87
423 103
373 0
54 47
393 16
308 170
26 34
381 59
75 50
95 93
314 126
395 170
64 145
72 10
387 150
361 69
287 247
179 13
241 177
322 155
13 50
6 13
114 30
277 232
328 256
278 173
94 57
82 62
369 142
160 105
204 185
111 48
286 232
81 88
41 9
239 144
405 1
435 63
54 81
49 12
98 68
30 215
141 38
95 45
164 88
411 5
126 4
374 126
4 26
42 9
172 174
88 57
367 37
281 86
180 162
70 81
321 164
375 97
127 81
17 81
365 120
354 223
87 10
113 52
341 148
330 171
287 112
390 161
324 149
311 10
275 67
66 126
252 226
127 53
289 172
342 184
142 174
69 36
245 167
35 60
354 184
53 41
149 123
292 139
34 149
168 58
214 169
191 119
184 155
279 76
360 163
122 205
136 212
3 70
27 132
200 160
304 177
413 56
264 226
164 200
71 132
14 61
40 213
231 56
137 89
385 147
417 102
43 69
56 161
279 181
50 40
256 179
343 242
380 99
190 116
79 62
78 49
198 80
178 28
274 190
70 206
301 112
347 156
367 147
383 107
317 175
304 220
352 163
23 76
21 86
36 106
389 152
60 140
384 160
32 112
305 52
294 134
194 158
175 64
177 51
169 99
229 48
165 9
9 24
90 201
161 33
323 135
175 23
136 34
108 189
274 114
103 26
398 124
231 223
116 138
152 47
50 137
273 99
42 147
249 131
117 92
245 158
151 5
192 135
334 97
281 139
28 51
359 145
254 156
146 82
302 187
101 28
387 147
325 201
86 191
397 141
189 104
183 63
50 162
273 110
247 112
319 100
383 101
157 70
305 158
390 169
112 106
254 237
268 204
2 195
337 154
389 80
14 152
94 152
31 8
321 76
299 14
377 169
259 157
198 155
325 162
311 155
275 112
371 59
38 212
150 200
284 195
135 65
100 187
375 154
23 44
52 203
415 104
251 0
343 61
125 113
316 157
299 160
79 69
16 172
140 148
258 139
119 24
350 161
391 56
386 185
80 60
247 199
112 211
171 12
44 106
19 62
377 96
270 106
276 195
145 56
265 47
33 55
60 12
229 166
357 88
228 190
172 118
306 153
318 136
332 205
29 98
313 131
76 116
289 22
36 191
76 172
344 114
106 30
18 171
328 172
256 159
6 142
156 163
14 121
32 156
93 85
75 126
363 129
74 195
34 79
291 117
4 120
166 71
326 110
257 96
46 68
16 12
29 53
100 91
312 162
439 12
370 173
235 184
110 41
115 20
84 160
330 132
377 243
285 245
147 61
278 131
26 128
106 70
376 128
277 94
314 193
268 98
313 139
172 68
291 241
109 64
98 201
361 109
265 97
56 35
360 217
22 99
327 90
396 180
129 13
24 69
44 151
206 188
345 103
248 178
295 222
281 221
361 156
241 219
286 149
239 74
277 97
167 49
242 115
102 86
340 177
39 62
58 31
351 89
317 248
49 102
156 28
365 154
342 140
257 166
273 131
379 131
12 121
20 9
16 67
234 181
320 125
124 156
140 44
208 213
293 206
280 170
382 168
243 170
10 202
47 93
126 181
173 115
45 92
104 26
94 90
194 129
1 133
383 238
253 132
62 169
82 45
184 12
337 27
142 91
294 162
149 42
266 240
285 137
102 43
132 132
347 110
384 163
134 65
150 73
335 166
33 72
188 152
25 95
262 178
296 171
374 222
210 158
253 102
241 44
201 99
271 139
309 191
22 44
216 159
114 130
85 91
399 56
48 101
372 154
10 124
218 180
117 12
68 56
332 148
297 200
124 38
272 143
276 166
66 6
47 15
282 112
116 194
212 145
57 87
20 171
58 208
310 160
295 157
98 53
57 29
372 140
248 217
97 120
176 37
121 123
196 116
232 249
182 192
174 129
296 236
128 35
300 142
308 184
283 118
120 84
272 97
65 71
89 85
27 41
224 130
292 200
246 147
233 115
59 57
235 59
158 21
300 156
262 123
357 160
255 38
284 107
2 27
97 25
329 19
32 7
52 109
93 65
437 0
166 60
21 21
271 162
90 45
196 164
142 5
13 129
243 142
368 154
62 46
301 222
288 137
157 107
163 47
112 60
350 232
381 195
335 163
315 72
407 94
186 199
263 131
244 182
325 501
218 214
268 115
217 18
118 133
190 55
140 216
204 4
113 141
42 7
224 99
172 164
242 141
20 210
244 188
8 211
72 220
77 29
128 219
13 44
220 118
230 119
256 56
189 140
244 136
250 129
240 198
2 38
246 58
59 28
172 71
52 159
205 134
138 53
62 206
44 6
6 56
164 132
171 141
177 178
145 146
211 226
204 138
270 40
79 71
5 89
104 226
33 41
165 4
168 150
208 119
223 229
190 153
261 34
192 222
205 171
138 154
19 91
45 83
209 177
166 167
220 129
133 88
175 164
128 151
264 29
226 14
83 31
248 128
84 213
194 190
148 207
201 127
296 50
112 96
55 162
193 205
226 47
58 222
190 109
152 216
28 219
55 88
144 50
239 185
27 40
155 15
168 99
186 83
106 124
258 117
230 179
217 127
134 32
194 125
145 81
123 88
185 191
208 229
178 160
220 221
220 20
107 56
151 97
196 102
86 20
150 208
71 49
76 213
95 20
43 146
216 111
187 226
262 142
130 225
222 194
98 138
200 74
164 12
129 26
91 76
186 184
176 70
138 225
221 184
59 74
163 200
56 225
82 208
276 74
207 16
38 224
172 19
182 151
200 216
178 116
266 103
38 41
90 225
216 91
149 90
238 114
234 20
200 125
304 54
101 76
2 225
243 225
227 159
51 91
153 40
174 132
176 117
24 224
106 216
256 124
264 121
42 226
216 159
271 45
206 157
94 218
110 212
202 179
164 134
147 51
250 55
168 73
48 213
194 11
183 140
75 95
180 229
140 159
149 154
121 13
228 111
132 40
116 226
65 75
111 157
146 205
264 20
203 185
157 72
286 90
19 40
127 139
160 152
226 188
12 224
176 148
202 95
175 162
114 32
192 82
125 28
191 189
266 15
179 142
186 128
302 88
229 201
142 51
166 70
300 33
253 27
198 78
214 64
209 150
84 81
131 127
88 90
184 150
104 95
207 196
174 150
169 161
97 69
202 135
184 36
182 92
183 12
176 36
106 4
228 172
212 142
175 14
166 133
250 95
164 227
70 123
71 85
240 94
51 46
268 96
84 162
298 9
249 149
172 54
221 158
173 162
222 89
22 205
212 112
142 205
15 6
239 54
242 55
66 11
247 50
35 38
52 225
98 218
103 35
16 97
234 187
114 214
121 141
36 217
94 140
170 183
98 22
280 34
31 78
120 213
199 165
235 175
218 62
7 145
258 5
11 128
29 33
35 160
236 121
181 78
179 177
39 88
177 81
182 127
78 222
181 141
68 214
44 215
20 30
197 122
170 110
148 130
213 5
23 136
198 143
33 132
241 166
178 24
232 194
284 37
177 149
100 220
26 125
260 128
28 94
64 222
21 155
118 210
197 177
170 61
7 90
189 203
207 150
19 159
161 137
210 97
248 164
194 109
222 117
223 25
74 208
9 29
219 203
188 214
149 14
210 123
66 210
245 171
247 157
231 226
188 133
184 118
237 219
201 149
37 90
210 160
69 94
109 145
63 29
214 227
167 167
112 209
180 12
274 22
213 190
40 126
16 210
246 171
101 143
282 80
236 146
165 231
9 141
135 81
88 211
81 44
211 32
201 19
70 10
49 144
163 79
232 22
204 178
124 155
248 73
254 11
259 50
78 125
274 42
91 142
152 160
92 34
238 210
218 141
80 222
96 226
160 90
224 11
134 207
197 55
220 26
139 69
270 119
102 214
180 9
108 95
128 79
110 55
230 20
225 169
188 53
180 109
24 34
122 43
240 107
229 52
95 152
4 226
65 128
132 219
46 217
48 45
50 211
116 82
187 123
232 131
256 18
122 211
40 223
214 143
2 134
15 158
76 4
278 84
260 23
49 93
174 44
30 132
206 40
233 153
185 22
236 49
10 214
206 111
56 150
88 132
268 48
62 154
45 132
168 97
60 216
262 44
162 45
214 123
290 34
217 186
226 105
157 134
292 11
238 12
74 123
6 223
184 155
224 216
144 215
294 10
238 14
171 156
108 206
121 70
234 108
169 168
118 16
228 56
194 51
86 219
244 40
235 34
124 222
134 151
230 38
57 29
136 204
272 50
192 118
71 144
126 220
208 82
191 128
198 129
212 42
70 217
30 214
172 123
250 148
195 167
24 95
246 123
242 226
288 66
61 125
254 119
54 222
244 5
81 145
252 90
252 203
169 13
190 16
26 204
12 95
32 208
90 34
159 34
204 56
215 170
196 155
53 15
252 137
192 43
251 184
14 210
18 210
92 225
34 204
196 86
254 360
4 15
10 7
15 5
20 6
24 11
29 7
34 4
41 11
45 5
51 6
55 10
61 9
64 9
71 6
74 3
80 4
85 10
89 11
94 9
99 12
106 13
110 11
115 4
119 4
126 4
130 13
135 12
140 12
144 11
149 6
156 6
160 10
129 26
131 24
133 26
135 9
137 18
139 10
141 19
143 14
145 13
147 3
149 14
151 20
153 6
155 3
157 20
159 12
161 23
163 11
165 26
167 24
169 17
171 9
173 11
175 7
177 8
179 20
181 7
183 12
185 3
187 7
189 6
191 4
193 24
195 15
197 3
199 24
201 26
203 10
205 9
207 18
209 19
211 14
213 18
215 16
217 22
219 16
221 22
223 4
225 6
227 7
229 20
231 26
233 15
235 4
237 20
239 5
241 23
243 16
245 4
247 22
4 18
11 22
17 27
25 26
28 27
38 17
41 16
47 23
55 23
59 16
64 15
74 20
78 28
84 28
89 28
94 25
102 19
110 24
115 23
119 16
127 18
130 28
138 24
143 22
150 16
155 15
161 29
167 21
131 22
132 25
136 33
139 33
143 26
146 34
148 43
152 42
153 27
156 19
161 24
162 25
165 21
169 32
172 31
175 20
179 28
180 16
183 32
186 42
189 38
192 28
197 25
200 27
201 29
206 17
209 18
212 43
213 40
218 27
221 42
222 35
226 36
228 44
233 27
235 31
238 29
241 20
245 44
247 31
251 42
6 27
15 32
20 31
29 29
35 30
41 38
47 27
58 32
65 37
70 37
75 28
84 27
100 33
106 37
113 32
121 28
125 33
134 31
142 33
148 39
154 34
162 33
167 36
173 37
182 33
187 34
194 34
202 30
209 27
219 37
226 31
129 41
132 44
135 50
138 33
141 30
146 32
147 44
152 47
153 37
156 29
161 38
165 39
168 32
172 48
176 37
179 36
181 39
183 33
186 29
192 42
196 41
200 42
202 34
205 44
209 35
210 30
213 33
216 36
221 29
222 48
225 35
229 51
231 39
235 49
237 36
4 43
9 53
15 48
21 56
26 52
29 47
34 47
41 45
46 56
51 46
54 48
59 57
65 42
70 48
75 41
80 54
85 41
89 53
95 50
101 46
104 47
110 41
116 43
121 54
126 49
131 51
136 52
139 46
144 51
150 43
156 42
161 48
165 42
171 56
176 51
179 43
185 49
190 55
195 53
199 42
206 57
210 47
214 53
220 53
225 44
229 41
236 52
129 52
131 63
133 50
135 52
137 49
139 53
141 49
143 65
145 52
147 55
149 52
151 64
153 50
155 51
157 50
159 65
161 54
163 51
165 55
167 53
169 49
171 65
173 50
175 51
177 50
179 58
181 57
183 52
185 64
187 51
189 54
191 59
193 59
195 64
197 50
199 56
201 59
203 52
205 65
207 65
209 57
211 52
213 63
215 64
217 52
219 61
4 63
11 63
16 63
19 63
24 63
31 63
34 63
39 63
45 63
51 63
56 63
61 63
64 63
70 63
76 63
80 63
85 63
91 63
96 63
100 63
106 63
111 63
114 63
120 63
126 63
129 63
136 63
140 63
146 63
150 63
154 63
161 63
164 63
171 63
174 63
181 63
184 63
203 94
74 61
65 28
